Joint1,Joint2,Joint3,Joint4,Joint5,Joint6,Joint7,Joint8
0,0,0,0,-0.62,-0.62,-0.62,-0.84377
0,0,0,4.13416206276393E-09,-0.619999994212173,-0.619999994212173,-0.619999994212173,-0.843769994212173
0,0,0,3.30731006502732E-08,-0.619999953697655,-0.619999953697655,-0.619999953697655,-0.843769953697652
0,0,0,1.11620613037499E-07,-0.619999843731099,-0.619999843731099,-0.619999843731099,-0.843769843731064
0,0,0,2.64578538036829E-07,-0.619999629589806,-0.619999629589806,-0.619999629589806,-0.84376962958961
0,0,0,5.16745776866856E-07,-0.619999276554993,-0.619999276554993,-0.619999276554993,-0.843769276554246
0,0,0,8.92917314129573E-07,-0.619998749913014,-0.619998749913014,-0.619998749913014,-0.843768749910784
0,0,0,1.41788323895276E-06,-0.619998014956541,-0.619998014956541,-0.619998014956541,-0.843768014950917
0,0,0,2.11642776631172E-06,-0.619997036985699,-0.619997036985699,-0.619997036985699,-0.843767036973169
0,0,0,3.01332825859614E-06,-0.619995781309162,-0.619995781309162,-0.619995781309162,-0.843765781283764
0,0,0,4.13335424744062E-06,-0.619994213245207,-0.619994213245207,-0.619994213245207,-0.843764213197419
0,0,0,5.50126645585551E-06,-0.619992298122719,-0.619992298122719,-0.619992298122719,-0.843762298038067
0,0,0,7.14181582072253E-06,-0.619990001282166,-0.619990001282166,-0.619990001282166,-0.843760001139497
0,0,0,9.07974251565599E-06,-0.619987288076513,-0.619987288076513,-0.619987288076513,-0.843757287845913
0,0,0,1.13397749743001E-05,-0.619984123872114,-0.619984123872114,-0.619984123872114,-0.84375412351243
0,0,0,1.39466289140737E-05,-0.619980474049548,-0.619980474049548,-0.619980474049548,-0.843750473505484
0,0,0,1.69250063604264E-05,-0.619976304004417,-0.619976304004417,-0.619976304004417,-0.843746303203164
0,0,0,2.02995946716224E-05,-0.6199715791481,-0.6199715791481,-0.6199715791481,-0.843741577995479
0,0,0,2.40950655640861E-05,-0.619966264908469,-0.619966264908469,-0.619966264908469,-0.843736263284536
0,0,0,2.83360741383872E-05,-0.61996032673056,-0.61996032673056,-0.61996032673056,-0.843730324484656
0,0,0,3.30472579058336E-05,-0.619953730077201,-0.619953730077201,-0.619953730077201,-0.843723727022401
0,0,0,3.82532358157851E-05,-0.619946440429599,-0.619946440429599,-0.619946440429599,-0.843716436336538
0,0,0,4.39786072836443E-05,-0.619938423287889,-0.619938423287889,-0.619938423287889,-0.843708417877919
0,0,0,5.02479512196631E-05,-0.619929644171635,-0.619929644171635,-0.619929644171635,-0.843699637109295
0,0,0,5.70858250584581E-05,-0.619920068620295,-0.619920068620295,-0.619920068620295,-0.843690059505049
0,0,0,6.451676378944E-05,-0.619909662193644,-0.619909662193644,-0.619909662193644,-0.843679650550855
0,0,0,7.25652789880407E-05,-0.61989839047215,-0.61989839047215,-0.61989839047215,-0.843668375743274
0,0,0,8.1255857847863E-05,-0.619886219057317,-0.619886219057317,-0.619886219057317,-0.843656200589259
0,0,0,9.06129622137839E-05,-0.619873113571983,-0.619873113571983,-0.619873113571983,-0.843643090605604
0,0,0,0.000100661027615962,-0.61985903966058,-0.61985903966058,-0.61985903966058,-0.843629011318313
0,0,0,0.000111424462304925,-0.619843962989349,-0.619843962989349,-0.619843962989349,-0.843613928261894
0,0,0,0.000122927646287621,-0.619827849246519,-0.619827849246519,-0.619827849246519,-0.843597806978587
0,0,0,0.000135194930364587,-0.619810664142446,-0.619810664142446,-0.619810664142446,-0.843580613017522
0,0,0,0.000148250635168202,-0.619792373409711,-0.619792373409711,-0.619792373409711,-0.843562311933798
0,0,0,0.000162119050202053,-0.619772942803176,-0.619772942803176,-0.619772942803176,-0.843542869287499
0,0,0,0.000176824432881494,-0.619752338100006,-0.619752338100006,-0.619752338100006,-0.843522250642639
0,0,0,0.000192391007575414,-0.619730525099651,-0.619730525099651,-0.619730525099651,-0.843500421566035
0,0,0,0.000208842964649182,-0.619707469623785,-0.619707469623785,-0.619707469623785,-0.843477347626114
0,0,0,0.000226204459508912,-0.619683137516209,-0.619683137516209,-0.619683137516209,-0.84345299439165
0,0,0,0.000244499611646983,-0.619657494642718,-0.619657494642718,-0.619657494642718,-0.843427327430436
0,0,0,0.000263752503688884,-0.619630506890931,-0.619630506890931,-0.619630506890931,-0.843400312307883
0,0,0,0.000283987180441436,-0.619602140170075,-0.619602140170075,-0.619602140170075,-0.84337191458556
0,0,0,0.000305227647942357,-0.619572360410742,-0.619572360410742,-0.619572360410742,-0.843342099819664
0,0,0,0.000327497872511261,-0.619541133564604,-0.619541133564604,-0.619541133564604,-0.84331083355942
0,0,0,0.000350821779802106,-0.619508425604092,-0.619508425604092,-0.619508425604092,-0.843278081345431
0,0,0,0.000375223253857074,-0.619474202522039,-0.619474202522039,-0.619474202522039,-0.843243808707943
0,0,0,0.000400726136161964,-0.619438430331287,-0.619438430331287,-0.619438430331287,-0.843207981165065
0,0,0,0.000427354224703116,-0.619401075064261,-0.619401075064261,-0.619401075064261,-0.843170564220919
0,0,0,0.000455131273025879,-0.619362102772502,-0.619362102772502,-0.619362102772502,-0.843131523363724
0,0,0,0.000484080989294628,-0.619321479526171,-0.619321479526171,-0.619321479526171,-0.843090824063824
0,0,0,0.000514227035354425,-0.619279171413518,-0.619279171413518,-0.619279171413518,-0.843048431771656
0,0,0,0.000545593025794236,-0.61923514454031,-0.61923514454031,-0.61923514454031,-0.843004311915657
0,0,0,0.000578202527011899,-0.619189365029238,-0.619189365029238,-0.619189365029238,-0.842958429900103
0,0,0,0.000612079056280675,-0.619141799019279,-0.619141799019279,-0.619141799019279,-0.842910751102909
0,0,0,0.000647246080817497,-0.619092412665031,-0.619092412665031,-0.619092412665031,-0.84286124087335
0,0,0,0.000683727016853049,-0.619041172136018,-0.619041172136018,-0.619041172136018,-0.842809864529742
0,0,0,0.000721545228703453,-0.618988043615955,-0.618988043615955,-0.618988043615955,-0.842756587357057
0,0,0,0.000760724027843763,-0.618932993301987,-0.618932993301987,-0.618932993301987,-0.842701374604485
0,0,0,0.000801286671983315,-0.618875987403903,-0.618875987403903,-0.618875987403903,-0.842644191482947
0,0,0,0.000843256364142812,-0.618816992143306,-0.618816992143306,-0.618816992143306,-0.842585003162547
0,0,0,0.000886656251733191,-0.618755973752762,-0.618755973752762,-0.618755973752762,-0.842523774769974
0,0,0,0.000931509425636506,-0.618692898474919,-0.618692898474919,-0.618692898474919,-0.842460471385854
0,0,0,0.000977838919288485,-0.618627732561595,-0.618627732561595,-0.618627732561595,-0.842395058042053
0,0,0,0.0010256677077631,-0.618560442272836,-0.618560442272836,-0.618560442272836,-0.842327499718922
0,0,0,0.00107501870685899,-0.618490993875952,-0.618490993875952,-0.618490993875952,-0.842257761342503
0,0,0,0.00112591477218783,-0.618419353644518,-0.618419353644518,-0.618419353644518,-0.842185807781679
0,0,0,0.00117837869826462,-0.618345487857352,-0.618345487857352,-0.618345487857352,-0.842111603845282
0,0,0,0.00123243321759988,-0.618269362797467,-0.618269362797467,-0.618269362797467,-0.842035114279153
0,0,0,0.001288100999794,-0.618190944750996,-0.618190944750996,-0.618190944750996,-0.841956303763154
0,0,0,0.00134540465063331,-0.618110200006091,-0.618110200006091,-0.618110200006091,-0.841875136908146
0,0,0,0.00140436671118838,-0.618027094851798,-0.618027094851798,-0.618027094851798,-0.841791578252908
0,0,0,0.0014650096569142,-0.617941595576908,-0.617941595576908,-0.617941595576908,-0.841705592261028
0,0,0,0.00152735589675247,-0.617853668468784,-0.617853668468784,-0.617853668468784,-0.841617143317746
0,0,0,0.00159142777223588,-0.617763279812163,-0.617763279812163,-0.617763279812163,-0.841526195726759
0,0,0,0.00165724755659448,-0.617670395887941,-0.617670395887941,-0.617670395887941,-0.841432713706987
0,0,0,0.00172483745386409,-0.61757498297193,-0.61757498297193,-0.61757498297193,-0.841336661389299
0,0,0,0.00179421959799684,-0.617477007333593,-0.617477007333593,-0.617477007333593,-0.841238002813203
0,0,0,0.00186541605197372,-0.617376435234768,-0.617376435234768,-0.617376435234768,-0.841136701923505
0,0,0,0.00193844880691934,-0.61727323292836,-0.61727323292836,-0.61727323292836,-0.841032722566928
0,0,0,0.0020133397812187,-0.61716736665702,-0.61716736665702,-0.61716736665702,-0.840926028488696
0,0,0,0.00209011081963612,-0.617058802651804,-0.617058802651804,-0.617058802651804,-0.840816583329093
0,0,0,0.00216878369243639,-0.616947507130814,-0.616947507130814,-0.616947507130814,-0.840704350619983
0,0,0,0.00224938009450784,-0.616833446297819,-0.616833446297819,-0.616833446297819,-0.840589293781305
0,0,0,0.00233192164448783,-0.616716586340862,-0.616716586340862,-0.616716586340862,-0.840471376117538
0,0,0,0.00241642988389018,-0.61659689343085,-0.61659689343085,-0.61659689343085,-0.840350560814137
0,0,0,0.00250292627623487,-0.61647433372013,-0.61647433372013,-0.61647433372013,-0.840226810933945
0,0,0,0.00259143220617989,-0.616348873341041,-0.616348873341041,-0.616348873341041,-0.840100089413573
0,0,0,0.00268196897865526,-0.616220478404466,-0.616220478404466,-0.616220478404466,-0.839970359059767
0,0,0,0.0027745578179992,-0.61608911499836,-0.61608911499836,-0.61608911499836,-0.839837582545742
0,0,0,0.00286921986709659,-0.615954749186266,-0.615954749186266,-0.615954749186266,-0.839701722407502
0,0,0,0.00296597618651945,-0.615817347005825,-0.615817347005825,-0.615817347005825,-0.83956274104013
0,0,0,0.00306484775366979,-0.615676874467266,-0.615676874467266,-0.615676874467266,-0.839420600694071
0,0,0,0.00316585546192461,-0.615533297551893,-0.615533297551893,-0.615533297551893,-0.839275263471386
0,0,0,0.00326902011978295,-0.615386582210553,-0.615386582210553,-0.615386582210553,-0.839126691321999
0,0,0,0.00337436245001541,-0.615236694362105,-0.615236694362105,-0.615236694362105,-0.83897484603992
0,0,0,0.00348190308881569,-0.615083599891871,-0.615083599891871,-0.615083599891871,-0.838819689259459
0,0,0,0.00359166258495437,-0.614927264650084,-0.614927264650084,-0.614927264650084,-0.838661182451427
0,0,0,0.00370366139893498,-0.614767654450328,-0.614767654450328,-0.614767654450328,-0.838499286919325
0,0,0,0.00381791990215218,-0.61460473506797,-0.61460473506797,-0.61460473506797,-0.838333963795519
0,0,0,0.00393445837605225,-0.614438472238585,-0.614438472238585,-0.614438472238585,-0.838165174037416
0,0,0,0.00405329701129573,-0.614268831656381,-0.614268831656381,-0.614268831656381,-0.837992878423622
0,0,0,0.00417445590692232,-0.614095778972617,-0.614095778972617,-0.614095778972617,-0.837817037550099
0,0,0,0.00429795506951794,-0.613919279794012,-0.613919279794012,-0.613919279794012,-0.837637611826319
0,0,0,0.00442381441238409,-0.613739299681159,-0.613739299681159,-0.613739299681159,-0.837454561471408
0,0,0,0.00455205375470933,-0.613555804146936,-0.613555804146936,-0.613555804146936,-0.837267846510296
0,0,0,0.00468269282074312,-0.613368758654906,-0.613368758654906,-0.613368758654906,-0.837077426769864
0,0,0,0.00481575123897164,-0.613178128617733,-0.613178128617733,-0.613178128617733,-0.836883261875085
0,0,0,0.00495124854129609,-0.612983879395581,-0.612983879395581,-0.612983879395581,-0.836685311245177
0,0,0,0.00508920416221298,-0.612785976294526,-0.612785976294526,-0.612785976294526,-0.836483534089756
0,0,0,0.00522963743799683,-0.612584384564966,-0.612584384564966,-0.612584384564966,-0.83627788940499
0,0,0,0.00537256760588482,-0.612379069400027,-0.612379069400027,-0.612379069400027,-0.836068335969766
0,0,0,0.00551801380326395,-0.612169995933986,-0.612169995933986,-0.612169995933986,-0.83585483234186
0,0,0,0.00566599506686013,-0.611957129240686,-0.611957129240686,-0.611957129240686,-0.835637336854119
0,0,0,0.00581653033192968,-0.611740434331959,-0.611740434331959,-0.611740434331959,-0.835415807610651
0,0,0,0.00596963843145286,-0.611519876156058,-0.611519876156058,-0.611519876156058,-0.835190202483032
0,0,0,0.00612533809532972,-0.611295419596092,-0.611295419596092,-0.611295419596092,-0.834960479106522
0,0,0,0.00628364794957799,-0.611067029468467,-0.611067029468467,-0.611067029468467,-0.834726594876297
0,0,0,0.00644458651553348,-0.610834670521342,-0.610834670521342,-0.610834670521342,-0.834488506943702
0,0,0,0.00660817220905216,-0.610598307433084,-0.610598307433084,-0.610598307433084,-0.834246172212514
0,0,0,0.00677442333971488,-0.610357904810739,-0.610357904810739,-0.610357904810739,-0.833999547335231
0,0,0,0.00694335811003407,-0.610113427188512,-0.610113427188512,-0.610113427188512,-0.833748588709383
0,0,0,0.0071149946146626,-0.60986483902626,-0.60986483902626,-0.60986483902626,-0.833493252473859
0,0,0,0.00728935083960478,-0.609612104707989,-0.609612104707989,-0.609612104707989,-0.833233494505263
0,0,0,0.00746644466142976,-0.609355188540375,-0.609355188540375,-0.609355188540375,-0.832969270414295
0,0,0,0.00764629384648679,-0.609094054751293,-0.609094054751293,-0.609094054751293,-0.832700535542159
0,0,0,0.00782891605012275,-0.608828667488356,-0.608828667488356,-0.608828667488356,-0.832427244956998
0,0,0,0.00801432881590199,-0.608558990817479,-0.608558990817479,-0.608558990817479,-0.83214935345036
0,0,0,0.00820254957482809,-0.608284988721451,-0.608284988721451,-0.608284988721451,-0.831866815533697
0,0,0,0.00839359564456785,-0.608006625098526,-0.608006625098526,-0.608006625098526,-0.831579585434898
0,0,0,0.00858748422867754,-0.607723863761036,-0.607723863761036,-0.607723863761036,-0.831287617094847
0,0,0,0.00878423241583115,-0.607436668434014,-0.607436668434014,-0.607436668434014,-0.830990864164037
0,0,0,0.0089838571790508,-0.607145002753843,-0.607145002753843,-0.607145002753843,-0.8306892799992
0,0,0,0.00918637537493937,-0.606848830266924,-0.606848830266924,-0.606848830266924,-0.83038281765999
0,0,0,0.00939180374291516,-0.606548114428362,-0.606548114428362,-0.606548114428362,-0.830071429905703
0,0,0,0.00960015890444873,-0.606242818600676,-0.606242818600676,-0.606242818600676,-0.829755069192041
0,0,0,0.00981145736230199,-0.605932906052531,-0.605932906052531,-0.605932906052531,-0.829433687667916
0,0,0,0.0100257154997691,-0.605618339957494,-0.605618339957494,-0.605618339957494,-0.829107237172304
0,0,0,0.0102429495799199,-0.605299083392812,-0.605299083392812,-0.605299083392812,-0.828775669231143
0,0,0,0.010463175744845,-0.604975099338219,-0.604975099338219,-0.604975099338219,-0.828438935054282
0,0,0,0.0106864100149035,-0.604646350674763,-0.604646350674763,-0.604646350674763,-0.828096985532482
0,0,0,0.0109126682879725,-0.604312800183663,-0.604312800183663,-0.604312800183663,-0.82774977123446
0,0,0,0.0111419663386988,-0.603974410545195,-0.603974410545195,-0.603974410545195,-0.827397242403999
0,0,0,0.0113743198177527,-0.603631144337601,-0.603631144337601,-0.603631144337601,-0.827039348957101
0,0,0,0.011609744251084,-0.603282964036035,-0.603282964036035,-0.603282964036035,-0.826676040479208
0,0,0,0.0118482550391799,-0.602929832011527,-0.602929832011527,-0.602929832011527,-0.826307266222471
0,0,0,0.0120898674563256,-0.60257171052999,-0.60257171052999,-0.60257171052999,-0.825932975103086
0,0,0,0.0123345966498663,-0.602208561751249,-0.602208561751249,-0.602208561751249,-0.825553115698687
0,0,0,0.0125824576394716,-0.60184034772811,-0.60184034772811,-0.60184034772811,-0.825167636245802
0,0,0,0.0128334653164023,-0.601467030405451,-0.601467030405451,-0.601467030405451,-0.824776484637378
0,0,0,0.0130876344427789,-0.601088571619361,-0.601088571619361,-0.601088571619361,-0.824379608420369
0,0,0,0.0133449796508527,-0.600704933096302,-0.600704933096302,-0.600704933096302,-0.823976954793387
0,0,0,0.0136055154422784,-0.600316076452307,-0.600316076452307,-0.600316076452307,-0.823568470604432
0,0,0,0.0138692561873896,-0.599921963192226,-0.599921963192226,-0.599921963192226,-0.823154102348686
0,0,0,0.0141362161244756,-0.599522554708993,-0.599522554708993,-0.599522554708993,-0.822733796166377
0,0,0,0.0144064093590614,-0.599117812282938,-0.599117812282938,-0.599117812282938,-0.82230749784073
0,0,0,0.0146798498631887,-0.598707697081143,-0.598707697081143,-0.598707697081143,-0.821875152795975
0,0,0,0.0149565514747,-0.598292170156826,-0.598292170156826,-0.598292170156826,-0.821436706095448
0,0,0,0.0152365278965243,-0.59787119244877,-0.59787119244877,-0.59787119244877,-0.820992102439761
0,0,0,0.0155197926959654,-0.597444724780798,-0.597444724780798,-0.597444724780798,-0.820541286165058
0,0,0,0.0158063593039919,-0.597012727861279,-0.597012727861279,-0.597012727861279,-0.820084201241348
0,0,0,0.0160962410145298,-0.596575162282686,-0.596575162282686,-0.596575162282686,-0.819620791270927
0,0,0,0.0163894509837573,-0.596131988521188,-0.596131988521188,-0.596131988521188,-0.81915099948688
0,0,0,0.0166860022294014,-0.595683166936295,-0.595683166936295,-0.595683166936295,-0.818674768751669
0,0,0,0.0169859076300373,-0.59522865777054,-0.59522865777054,-0.59522865777054,-0.818192041555817
0,0,0,0.0172891799243896,-0.594768421149208,-0.594768421149208,-0.594768421149208,-0.817702760016672
0,0,0,0.017595831710636,-0.594302417080116,-0.594302417080116,-0.594302417080116,-0.817206865877266
0,0,0,0.0179058754457131,-0.593830605453428,-0.593830605453428,-0.593830605453428,-0.816704300505273
0,0,0,0.0182193234446245,-0.593352946041532,-0.593352946041532,-0.593352946041532,-0.816195004892045
0,0,0,0.0185361878797517,-0.592869398498954,-0.592869398498954,-0.592869398498954,-0.815678919651764
0,0,0,0.0188564807801664,-0.592379922362325,-0.592379922362325,-0.592379922362325,-0.815155985020676
0,0,0,0.0191802140309456,-0.591884477050395,-0.591884477050395,-0.591884477050395,-0.814626140856432
0,0,0,0.0195073993724897,-0.591383021864104,-0.591383021864104,-0.591383021864104,-0.814089326637523
0,0,0,0.0198380483998415,-0.59087551598669,-0.59087551598669,-0.59087551598669,-0.813545481462825
0,0,0,0.020172172562009,-0.590361918483868,-0.590361918483868,-0.590361918483868,-0.812994544051239
0,0,0,0.0205097831612898,-0.589842188304041,-0.589842188304041,-0.589842188304041,-0.812436452741445
0,0,0,0.0208508913525984,-0.589316284278577,-0.589316284278577,-0.589316284278577,-0.811871145491749
0,0,0,0.0211955081427953,-0.588784165122136,-0.588784165122136,-0.588784165122136,-0.811298559880056
0,0,0,0.0215436443900196,-0.58824578943305,-0.58824578943305,-0.58824578943305,-0.810718633103933
0,0,0,0.021895310803023,-0.587701115693758,-0.587701115693758,-0.587701115693758,-0.810131301980798
0,0,0,0.022250517940507,-0.587150102271297,-0.587150102271297,-0.587150102271297,-0.809536502948214
0,0,0,0.0226092762104627,-0.586592707417849,-0.586592707417849,-0.586592707417849,-0.808934172064297
0,0,0,0.0229715958695128,-0.586028889271343,-0.586028889271343,-0.586028889271343,-0.808324245008239
0,0,0,0.0233374870222565,-0.585458605856117,-0.585458605856117,-0.585458605856117,-0.807706657080953
0,0,0,0.0237069596206169,-0.584881815083639,-0.584881815083639,-0.584881815083639,-0.807081343205826
0,0,0,0.0240800234631909,-0.584298474753277,-0.584298474753277,-0.584298474753277,-0.8064482379296
0,0,0,0.0244566881946027,-0.58370854255314,-0.58370854255314,-0.58370854255314,-0.805807275423372
0,0,0,0.0248369633048587,-0.583111976060975,-0.583111976060975,-0.583111976060975,-0.805158389483708
0,0,0,0.0252208581287063,-0.582508732745115,-0.582508732745115,-0.582508732745115,-0.804501513533895
0,0,0,0.0256083818449947,-0.581898769965505,-0.581898769965505,-0.581898769965505,-0.803836580625306
0,0,0,0.0259995434760394,-0.58128204497477,-0.58128204497477,-0.58128204497477,-0.803163523438893
0,0,0,0.0263943518869886,-0.58065851491936,-0.58065851491936,-0.58065851491936,-0.802482274286814
0,0,0,0.0267928157851936,-0.580028136840752,-0.580028136840752,-0.580028136840752,-0.80179276511418
0,0,0,0.0271949437195811,-0.57939086767671,-0.57939086767671,-0.57939086767671,-0.801094927500938
0,0,0,0.0276007440800293,-0.578746664262614,-0.578746664262614,-0.578746664262614,-0.800388692663885
0,0,0,0.028010225096747,-0.578095483332856,-0.578095483332856,-0.578095483332856,-0.79967399145881
0,0,0,0.0284233948396549,-0.577437281522286,-0.577437281522286,-0.577437281522286,-0.798950754382772
0,0,0,0.0288402612177715,-0.576772015367743,-0.576772015367743,-0.576772015367743,-0.79821891157652
0,0,0,0.0292608319786009,-0.576099641309632,-0.576099641309632,-0.576099641309632,-0.797478392827036
0,0,0,0.0296851147075245,-0.575420115693581,-0.575420115693581,-0.575420115693581,-0.796729127570228
0,0,0,0.0301131168271959,-0.574733394772153,-0.574733394772153,-0.574733394772153,-0.795971044893751
0,0,0,0.0305448455969391,-0.574039434706634,-0.574039434706634,-0.574039434706634,-0.795204073539977
0,0,0,0.03098030811215,-0.573338191568883,-0.573338191568883,-0.573338191568883,-0.794428141909101
0,0,0,0.0314195113037012,-0.572629621343246,-0.572629621343246,-0.572629621343246,-0.793643178062387
0,0,0,0.031862461937351,-0.571913679928545,-0.571913679928545,-0.571913679928545,-0.792849109725564
0,0,0,0.032309166613155,-0.571190323140131,-0.571190323140131,-0.571190323140131,-0.792045864292357
0,0,0,0.0327596317648821,-0.570459506712008,-0.570459506712008,-0.570459506712008,-0.791233368828173
0,0,0,0.0332138636594336,-0.569721186299016,-0.569721186299016,-0.569721186299016,-0.790411550073926
0,0,0,0.0336718683962664,-0.568975317479102,-0.568975317479102,-0.568975317479102,-0.789580334450009
0,0,0,0.0341336519068196,-0.568221855755638,-0.568221855755638,-0.568221855755638,-0.78873964806042
0,0,0,0.0345992199539457,-0.56746075655983,-0.56746075655983,-0.56746075655983,-0.787889416697035
0,0,0,0.0350685781313447,-0.566691975253178,-0.566691975253178,-0.566691975253178,-0.787029565844025
0,0,0,0.035541731863003,-0.565915467130023,-0.565915467130023,-0.565915467130023,-0.786160020682432
0,0,0,0.0360186864026359,-0.565131187420149,-0.565131187420149,-0.565131187420149,-0.785280706094894
0,0,0,0.0364994468331342,-0.564339091291469,-0.564339091291469,-0.564339091291469,-0.78439154667052
0,0,0,0.0369840180660155,-0.563539133852776,-0.563539133852776,-0.563539133852776,-0.783492466709921
0,0,0,0.037472404840879,-0.562731270156562,-0.562731270156562,-0.562731270156562,-0.782583390230398
0,0,0,0.0379646117248652,-0.561915455201916,-0.561915455201916,-0.561915455201916,-0.781664240971278
0,0,0,0.0384606431121196,-0.561091643937488,-0.561091643937488,-0.561091643937488,-0.780734942399412
0,0,0,0.0389605032232613,-0.560259791264525,-0.560259791264525,-0.560259791264525,-0.779795417714826
0,0,0,0.0394641961048554,-0.559419852039985,-0.559419852039985,-0.559419852039985,-0.778845589856532
0,0,0,0.0399717256288911,-0.558571781079714,-0.558571781079714,-0.558571781079714,-0.777885381508495
0,0,0,0.0404830954922634,-0.557715533161701,-0.557715533161701,-0.557715533161701,-0.776914715105754
0,0,0,0.0409983092162602,-0.556851063029404,-0.556851063029404,-0.556851063029404,-0.775933512840713
0,0,0,0.0415173701460544,-0.55597832539515,-0.55597832539515,-0.55597832539515,-0.774941696669582
0,0,0,0.0420402814502001,-0.555097274943604,-0.555097274943604,-0.555097274943604,-0.773939188318979
0,0,0,0.0425670461201346,-0.554207866335314,-0.554207866335314,-0.554207866335314,-0.772925909292697
0,0,0,0.0430976669696855,-0.553310054210324,-0.553310054210324,-0.553310054210324,-0.77190178087863
0,0,0,0.0436321466345824,-0.552403793191867,-0.552403793191867,-0.552403793191867,-0.770866724155855
0,0,0,0.0441704875719742,-0.551489037890121,-0.551489037890121,-0.551489037890121,-0.769820660001885
0,0,0,0.0447126920599521,-0.55056574290605,-0.55056574290605,-0.55056574290605,-0.768763509100078
0,0,0,0.0452587621970771,-0.549633862835301,-0.549633862835301,-0.549633862835301,-0.767695191947209
0,0,0,0.0458086999019146,-0.548693352272192,-0.548693352272192,-0.548693352272192,-0.766615628861205
0,0,0,0.0463625069125724,-0.547744165813756,-0.547744165813756,-0.547744165813756,-0.765524739989044
0,0,0,0.0469201847862468,-0.54678625806387,-0.54678625806387,-0.54678625806387,-0.764422445314814
0,0,0,0.0474817348987728,-0.545819583637447,-0.545819583637447,-0.545819583637447,-0.763308664667937
0,0,0,0.0480471584441809,-0.544844097164707,-0.544844097164707,-0.544844097164707,-0.76218331773156
0,0,0,0.04861645643426,-0.543859753295514,-0.543859753295514,-0.543859753295514,-0.761046324051098
0,0,0,0.0491896296981259,-0.54286650670379,-0.54286650670379,-0.54286650670379,-0.759897603042954
0,0,0,0.0497666788817964,-0.541864312092,-0.541864312092,-0.541864312092,-0.758737074003394
0,0,0,0.0503476044477726,-0.540853124195703,-0.540853124195703,-0.540853124195703,-0.757564656117582
0,0,0,0.0509324066746268,-0.539832897788181,-0.539832897788181,-0.539832897788181,-0.756380268468789
0,0,0,0.0515210856565961,-0.538803587685133,-0.538803587685133,-0.538803587685133,-0.755183830047754
0,0,0,0.0521136413031838,-0.53776514874945,-0.53776514874945,-0.53776514874945,-0.753975259762216
0,0,0,0.0527100733387664,-0.536717535896045,-0.536717535896045,-0.536717535896045,-0.7527544764466
0,0,0,0.0533103813022082,-0.535660704096767,-0.535660704096767,-0.535660704096767,-0.751521398871871
0,0,0,0.0539145645464822,-0.534594608385377,-0.534594608385377,-0.534594608385377,-0.750275945755548
0,0,0,0.0545226222382984,-0.533519203862597,-0.533519203862597,-0.533519203862597,-0.74901803577188
0,0,0,0.0551345533577392,-0.532434445701228,-0.532434445701228,-0.532434445701228,-0.747747587562181
0,0,0,0.0557503566979017,-0.531340289151334,-0.531340289151334,-0.531340289151334,-0.746464519745325
0,0,0,0.056370030864548,-0.530236689545497,-0.530236689545497,-0.530236689545497,-0.745168750928406
0,0,0,0.056993574275762,-0.529123602304141,-0.529123602304141,-0.529123602304141,-0.743860199717547
0,0,0,0.0576209851616146,-0.528000982940919,-0.528000982940919,-0.528000982940919,-0.742538784728877
0,0,0,0.0582522615638361,-0.526868787068171,-0.526868787068171,-0.526868787068171,-0.741204424599666
0,0,0,0.0588874013354967,-0.52572697040245,-0.52572697040245,-0.52572697040245,-0.739857037999604
0,0,0,0.0595264021406946,-0.524575488770108,-0.524575488770108,-0.524575488770108,-0.738496543642255
0,0,0,0.060169261454252,-0.523414298112951,-0.523414298112951,-0.523414298112951,-0.737122860296648
0,0,0,0.0608159765614198,-0.522243354493964,-0.522243354493964,-0.522243354493964,-0.735735906799038
0,0,0,0.0614665445575901,-0.52106261410309,-0.52106261410309,-0.52106261410309,-0.734335602064813
0,0,0,0.0621209623480169,-0.519872033263083,-0.519872033263083,-0.519872033263083,-0.732921865100547
0,0,0,0.0627792266475456,-0.518671568435415,-0.518671568435415,-0.518671568435415,-0.731494615016221
0,0,0,0.063441333980351,-0.517461176226256,-0.517461176226256,-0.517461176226256,-0.730053771037576
0,0,0,0.0641072806796841,-0.516240813392505,-0.516240813392505,-0.516240813392505,-0.728599252518628
0,0,0,0.0647770628876273,-0.515010436847892,-0.515010436847892,-0.515010436847892,-0.727130978954326
0,0,0,0.065450676554859,-0.513770003669132,-0.513770003669132,-0.513770003669132,-0.725648869993353
0,0,0,0.066128117440427,-0.512519471102149,-0.512519471102149,-0.512519471102149,-0.724152845451081
0,0,0,0.0668093811115311,-0.511258796568347,-0.511258796568347,-0.511258796568347,-0.722642825322657
0,0,0,0.0674944629433154,-0.509987937670949,-0.509987937670949,-0.509987937670949,-0.721118729796243
0,0,0,0.068183358118669,-0.508706852201389,-0.508706852201389,-0.508706852201389,-0.719580479266393
0,0,0,0.0688760616280375,-0.507415498145766,-0.507415498145766,-0.507415498145766,-0.718027994347562
0,0,0,0.0695725682692433,-0.506113833691342,-0.506113833691342,-0.506113833691342,-0.716461195887762
0,0,0,0.0702728726473158,-0.504801817233112,-0.504801817233112,-0.504801817233112,-0.714880004982348
0,0,0,0.0709769691743318,-0.503479407380414,-0.503479407380414,-0.503479407380414,-0.713284342987942
0,0,0,0.0716848520692656,-0.502146562963596,-0.502146562963596,-0.502146562963596,-0.71167413153648
0,0,0,0.0723965153578496,-0.500803243040745,-0.500803243040745,-0.500803243040745,-0.710049292549401
0,0,0,0.0731119528724447,-0.499449406904451,-0.499449406904451,-0.499449406904451,-0.708409748251956
0,0,0,0.0738311582519212,-0.498085014088635,-0.498085014088635,-0.498085014088635,-0.706755421187645
0,0,0,0.0745541249415509,-0.496710024375422,-0.496710024375422,-0.496710024375422,-0.705086234232777
0,0,0,0.0752808461929086,-0.495324397802056,-0.495324397802056,-0.495324397802056,-0.703402110611154
0,0,0,0.0760113150637854,-0.493928094667879,-0.493928094667879,-0.493928094667879,-0.701702973908876
0,0,0,0.0767455244181123,-0.492521075541338,-0.492521075541338,-0.492521075541338,-0.699988748089255
0,0,0,0.077483466925895,-0.491103301267046,-0.491103301267046,-0.491103301267046,-0.698259357507853
0,0,0,0.0782251350631601,-0.489674732972894,-0.489674732972894,-0.489674732972894,-0.696514726927628
0,0,0,0.0789705211119117,-0.488235332077189,-0.488235332077189,-0.488235332077189,-0.694754781534192
0,0,0,0.0797196171601001,-0.486785060295852,-0.486785060295852,-0.486785060295852,-0.692979446951174
0,0,0,0.080472415101602,-0.485323879649645,-0.485323879649645,-0.485323879649645,-0.691188649255692
0,0,0,0.0812289066362118,-0.483851752471444,-0.483851752471444,-0.483851752471444,-0.68938231499392
0,0,0,0.081989083269645,-0.482368641413545,-0.482368641413545,-0.482368641413545,-0.687560371196765
0,0,0,0.0827529363135534,-0.480874509455015,-0.480874509455015,-0.480874509455015,-0.685722745395629
0,0,0,0.0835204568855519,-0.47936931990907,-0.47936931990907,-0.47936931990907,-0.683869365638277
0,0,0,0.0842916359092583,-0.477853036430493,-0.477853036430493,-0.477853036430493,-0.682000160504784
0,0,0,0.0850664641143438,-0.476325623023091,-0.476325623023091,-0.476325623023091,-0.68011505912358
0,0,0,0.0858449320365977,-0.474787044047167,-0.474787044047167,-0.474787044047167,-0.678213991187574
0,0,0,0.0866270300180027,-0.473237264227045,-0.473237264227045,-0.473237264227045,-0.676296886970362
0,0,0,0.0874127482068242,-0.471676248658604,-0.471676248658604,-0.471676248658604,-0.674363677342515
0,0,0,0.0882020765577114,-0.470103962816858,-0.470103962816858,-0.470103962816858,-0.672414293787936
0,0,0,0.0889950048318113,-0.468520372563545,-0.468520372563545,-0.468520372563545,-0.670448668420303
0,0,0,0.0897915225968964,-0.46692544415476,-0.46692544415476,-0.46692544415476,-0.668466733999563
0,0,0,0.090591619227504,-0.465319144248596,-0.465319144248596,-0.465319144248596,-0.666468423948506
0,0,0,0.0913952839050899,-0.463701439912817,-0.463701439912817,-0.463701439912817,-0.664453672369397
0,0,0,0.0922025056181951,-0.462072298632546,-0.462072298632546,-0.462072298632546,-0.662422414060658
0,0,0,0.0930132731626249,-0.460431688317979,-0.460431688317979,-0.460431688317979,-0.660374584533622
0,0,0,0.0938275751416428,-0.458779577312113,-0.458779577312113,-0.458779577312113,-0.65831012002932
0,0,0,0.0946453999661772,-0.457115934398489,-0.457115934398489,-0.457115934398489,-0.656228957535329
0,0,0,0.095466735855042,-0.455440728808953,-0.455440728808953,-0.455440728808953,-0.654131034802659
0,0,0,0.0962915708351709,-0.453753930231429,-0.453753930231429,-0.453753930231429,-0.652016290362676
0,0,0,0.0971198927418656,-0.452055508817707,-0.452055508817707,-0.452055508817707,-0.649884663544071
0,0,0,0.0979516892190583,-0.450345435191234,-0.450345435191234,-0.450345435191234,-0.647736094489849
0,0,0,0.0987869477195881,-0.448623680454919,-0.448623680454919,-0.448623680454919,-0.64557052417436
0,0,0,0.0996256555054912,-0.446890216198948,-0.446890216198948,-0.446890216198948,-0.643387894420342
0,0,0,0.100467799648306,-0.445145014508594,-0.445145014508594,-0.445145014508594,-0.641188147915988
0,0,0,0.101313367029394,-0.443388047972042,-0.443388047972042,-0.443388047972042,-0.638971228232036
0,0,0,0.10216234434027,-0.441619289688209,-0.441619289688209,-0.441619289688209,-0.636737079838859
0,0,0,0.103014718082954,-0.439838713274566,-0.439838713274566,-0.439838713274566,-0.634485648123573
0,0,0,0.103870474570333,-0.438046292874957,-0.438046292874957,-0.438046292874957,-0.63221687940714
0,0,0,0.10472959992654,-0.436242003167422,-0.436242003167422,-0.436242003167422,-0.629930720961478
0,0,0,0.105592080087345,-0.434425819372003,-0.434425819372003,-0.434425819372003,-0.627627121026558
0,0,0,0.106457900800564,-0.432597717258555,-0.432597717258555,-0.432597717258555,-0.625306028827494
0,0,0,0.107327047626484,-0.43075767315454,-0.43075767315454,-0.43075767315454,-0.62296739459162
0,0,0,0.108199505938296,-0.428905663952818,-0.428905663952818,-0.428905663952818,-0.620611169565552
0,0,0,0.109075260922554,-0.427041667119419,-0.427041667119419,-0.427041667119419,-0.618237306032212
0,0,0,0.109954297579641,-0.425165660701306,-0.425165660701306,-0.425165660701306,-0.615845757327839
0,0,0,0.110836600724252,-0.423277623334121,-0.423277623334121,-0.423277623334121,-0.613436477858964
0,0,0,0.111722154985897,-0.421377534249911,-0.421377534249911,-0.421377534249911,-0.611009423119338
0,0,0,0.112610944809412,-0.419465373284842,-0.419465373284842,-0.419465373284842,-0.608564549706831
0,0,0,0.113502954455496,-0.417541120886881,-0.417541120886881,-0.417541120886881,-0.606101815340278
0,0,0,0.114398168001251,-0.415604758123465,-0.415604758123465,-0.415604758123465,-0.603621178876265
0,0,0,0.115296569340747,-0.413656266689138,-0.413656266689138,-0.413656266689138,-0.601122600325876
0,0,0,0.116198142185605,-0.411695628913164,-0.411695628913164,-0.411695628913164,-0.598606040871364
0,0,0,0.117102870065581,-0.409722827767114,-0.409722827767114,-0.409722827767114,-0.596071462882761
0,0,0,0.118010736329189,-0.407737846872416,-0.407737846872416,-0.407737846872416,-0.593518829934414
0,0,0,0.118921724144315,-0.405740670507877,-0.405740670507877,-0.405740670507877,-0.590948106821447
0,0,0,0.119835816498868,-0.403731283617169,-0.403731283617169,-0.403731283617169,-0.588359259576143
0,0,0,0.120752996201438,-0.401709671816282,-0.401709671816282,-0.401709671816282,-0.585752255484235
0,0,0,0.121673245881965,-0.399675821400928,-0.399675821400928,-0.399675821400928,-0.583127063101107
0,0,0,0.122596547992437,-0.397629719353921,-0.397629719353921,-0.397629719353921,-0.5804836522679
0,0,0,0.123522884807594,-0.3955713533525,-0.3955713533525,-0.3955713533525,-0.577821994127515
0,0,0,0.124452238425654,-0.393500711775613,-0.393500711775613,-0.393500711775613,-0.575142061140508
0,0,0,0.125384590769053,-0.391417783711161,-0.391417783711161,-0.391417783711161,-0.572443827100876
0,0,0,0.1263199235852,-0.389322558963182,-0.389322558963182,-0.389322558963182,-0.569727267151723
0,0,0,0.127258218447254,-0.387215028058992,-0.387215028058992,-0.387215028058992,-0.566992357800802
0,0,0,0.128199456754912,-0.385095182256276,-0.385095182256276,-0.385095182256276,-0.564239076935935
0,0,0,0.129143619735216,-0.382963013550118,-0.382963013550118,-0.382963013550118,-0.561467403840295
0,0,0,0.130090688443378,-0.38081851467998,-0.38081851467998,-0.38081851467998,-0.558677319207555
0,0,0,0.131040643763618,-0.378661679136621,-0.378661679136621,-0.378661679136621,-0.555868805156882
0,0,0,0.131993466410023,-0.376492501168954,-0.376492501168954,-0.376492501168954,-0.553041845247803
0,0,0,0.132949136927421,-0.374310975790849,-0.374310975790849,-0.374310975790849,-0.550196424494894
0,0,0,0.133907635692266,-0.372117098787856,-0.372117098787856,-0.372117098787856,-0.547332529382328
0,0,0,0.134868942913554,-0.369910866723882,-0.369910866723882,-0.369910866723882,-0.544450147878248
0,0,0,0.13583303863374,-0.367692276947784,-0.367692276947784,-0.367692276947784,-0.541549269448979
0,0,0,0.136799902729683,-0.365461327599897,-0.365461327599897,-0.365461327599897,-0.538629885073056
0,0,0,0.137769514913601,-0.363218017618495,-0.363218017618495,-0.363218017618495,-0.535691987255077
0,0,0,0.138741854734046,-0.360962346746169,-0.360962346746169,-0.360962346746169,-0.532735570039374
0,0,0,0.139716901576898,-0.358694315536136,-0.358694315536136,-0.358694315536136,-0.529760629023486
0,0,0,0.140694634666372,-0.356413925358466,-0.356413925358466,-0.356413925358466,-0.526767161371444
0,0,0,0.14167503306604,-0.354121178406233,-0.354121178406233,-0.354121178406233,-0.52375516582685
0,0,0,0.142658075679878,-0.351816077701578,-0.351816077701578,-0.351816077701578,-0.52072464272575
0,0,0,0.143643741253321,-0.349498627101695,-0.349498627101695,-0.349498627101695,-0.517675594009302
0,0,0,0.144632008374342,-0.347168831304726,-0.347168831304726,-0.347168831304726,-0.51460802323622
0,0,0,0.145622855474541,-0.344826695855571,-0.344826695855571,-0.344826695855571,-0.511521935595
0,0,0,0.146616260830257,-0.342472227151605,-0.342472227151605,-0.342472227151605,-0.508417337915923
0,0,0,0.147612202563694,-0.34010543244831,-0.34010543244831,-0.34010543244831,-0.505294238682819
0,0,0,0.148610658644062,-0.337726319864806,-0.337726319864806,-0.337726319864806,-0.502152648044603
0,0,0,0.149611606888737,-0.335334898389289,-0.335334898389289,-0.335334898389289,-0.498992577826563
0,0,0,0.150615024964442,-0.332931177884375,-0.332931177884375,-0.332931177884375,-0.495814041541402
0,0,0,0.151620890388431,-0.330515169092339,-0.330515169092339,-0.330515169092339,-0.492617054400036
0,0,0,0.152629180529708,-0.32808688364026,-0.32808688364026,-0.32808688364026,-0.489401633322125
0,0,0,0.153639872610247,-0.325646334045052,-0.325646334045052,-0.325646334045052,-0.486167796946352
0,0,0,0.154652943706239,-0.323193533718405,-0.323193533718405,-0.323193533718405,-0.482915565640429
0,0,0,0.155668370749347,-0.320728496971605,-0.320728496971605,-0.320728496971605,-0.479644961510841
0,0,0,0.156686130527986,-0.318251239020255,-0.318251239020255,-0.318251239020255,-0.476356008412304
0,0,0,0.157706199688614,-0.315761775988879,-0.315761775988879,-0.315761775988879,-0.473048731956951
0,0,0,0.158728554737039,-0.313260124915422,-0.313260124915422,-0.313260124915422,-0.469723159523233
0,0,0,0.159753172039746,-0.310746303755629,-0.310746303755629,-0.310746303755629,-0.466379320264525
0,0,0,0.160780027825236,-0.308220331387309,-0.308220331387309,-0.308220331387309,-0.463017245117448
0,0,0,0.161809098185386,-0.305682227614485,-0.305682227614485,-0.305682227614485,-0.459636966809881
0,0,0,0.162840359076822,-0.303132013171425,-0.303132013171425,-0.303132013171425,-0.45623851986868
0,0,0,0.163873786322306,-0.300569709726546,-0.300569709726546,-0.300569709726546,-0.45282194062709
0,0,0,0.164909355612143,-0.297995339886204,-0.297995339886204,-0.297995339886204,-0.44938726723184
0,0,0,0.165947042505603,-0.295408927198353,-0.295408927198353,-0.295408927198353,-0.445934539649927
0,0,0,0.166986822432358,-0.292810496156082,-0.292810496156082,-0.292810496156082,-0.442463799675083
0,0,0,0.168028670693933,-0.290200072201024,-0.290200072201024,-0.290200072201024,-0.438975090933911
0,0,0,0.169072562465178,-0.287577681726634,-0.287577681726634,-0.287577681726634,-0.435468458891705
0,0,0,0.170118472795746,-0.284943352081339,-0.284943352081339,-0.284943352081339,-0.431943950857932
0,0,0,0.171166376611599,-0.282297111571555,-0.282297111571555,-0.282297111571555,-0.428401615991373
0,0,0,0.172216248716519,-0.279638989464569,-0.279638989464569,-0.279638989464569,-0.424841505304946
0,0,0,0.173268063793638,-0.276969015991288,-0.276969015991288,-0.276969015991288,-0.42126367167016
0,0,0,0.174321796406984,-0.274287222348847,-0.274287222348847,-0.274287222348847,-0.417668169821249
0,0,0,0.175377421003039,-0.271593640703088,-0.271593640703088,-0.271593640703088,-0.414055056358936
0,0,0,0.176434911912316,-0.268888304190889,-0.268888304190889,-0.268888304190889,-0.410424389753861
0,0,0,0.17749424335095,-0.266171246922359,-0.266171246922359,-0.266171246922359,-0.406776230349642
0,0,0,0.178555389422297,-0.263442503982887,-0.263442503982887,-0.263442503982887,-0.40311064036558
0,0,0,0.179618324118557,-0.26070211143505,-0.26070211143505,-0.26070211143505,-0.399427683899007
0,0,0,0.180683021322407,-0.257950106320373,-0.257950106320373,-0.257950106320373,-0.395727426927265
0,0,0,0.181749454808645,-0.25518652666095,-0.25518652666095,-0.25518652666095,-0.392009937309315
0,0,0,0.182817598245857,-0.252411411460906,-0.252411411460906,-0.252411411460906,-0.38827528478698
0,0,0,0.183887425198085,-0.249624800707721,-0.249624800707721,-0.249624800707721,-0.384523540985814
0,0,0,0.184958909126524,-0.246826735373397,-0.246826735373397,-0.246826735373397,-0.380754779415591
0,0,0,0.186032023391219,-0.244017257415479,-0.244017257415479,-0.244017257415479,-0.376969075470422
0,0,0,0.187106741252786,-0.241196409777922,-0.241196409777922,-0.241196409777922,-0.373166506428489
0,0,0,0.188183035874138,-0.238364236391804,-0.238364236391804,-0.238364236391804,-0.369347151451393
0,0,0,0.189260880322229,-0.235520782175884,-0.235520782175884,-0.235520782175884,-0.365511091583121
0,0,0,0.190340247569812,-0.232666093037009,-0.232666093037009,-0.232666093037009,-0.361658409748627
0,0,0,0.191421110497207,-0.22980021587036,-0.22980021587036,-0.22980021587036,-0.357789190752019
0,0,0,0.192503441894082,-0.226923198559543,-0.226923198559543,-0.226923198559543,-0.353903521274361
0,0,0,0.193587214461246,-0.224035089976522,-0.224035089976522,-0.224035089976522,-0.350001489871079
0,0,0,0.194672400812458,-0.221135939981394,-0.221135939981394,-0.221135939981394,-0.346083186968979
0,0,0,0.195758973476248,-0.218225799422,-0.218225799422,-0.218225799422,-0.342148704862857
0,0,0,0.19684690489774,-0.215304720133381,-0.215304720133381,-0.215304720133381,-0.338198137711732
0,0,0,0.197936167440503,-0.212372754937071,-0.212372754937071,-0.212372754937071,-0.334231581534663
0,0,0,0.1990267333884,-0.209429957640222,-0.209429957640222,-0.209429957640222,-0.330249134206178
0,0,0,0.200118574947457,-0.206476383034577,-0.206476383034577,-0.206476383034577,-0.326250895451303
0,0,0,0.201211664247737,-0.203512086895271,-0.203512086895271,-0.203512086895271,-0.322236966840183
0,0,0,0.202305973345229,-0.200537125979472,-0.200537125979472,-0.200537125979472,-0.318207451782313
0,0,0,0.203401474223752,-0.197551558024853,-0.197551558024853,-0.197551558024853,-0.31416245552036
0,0,0,0.204498138796854,-0.194555441747909,-0.194555441747909,-0.194555441747909,-0.310102085123587
0,0,0,0.205595938909743,-0.191548836842096,-0.191548836842096,-0.191548836842096,-0.30602644948087
0,0,0,0.206694846341211,-0.18853180397581,-0.18853180397581,-0.18853180397581,-0.30193565929332
0,0,0,0.207794832805574,-0.185504404790203,-0.185504404790203,-0.185504404790203,-0.297829827066499
0,0,0,0.208895869954627,-0.182466701896826,-0.182466701896826,-0.182466701896826,-0.293709067102231
0,0,0,0.209997929379599,-0.179418758875108,-0.179418758875108,-0.179418758875108,-0.289573495490019
0,0,0,0.211100982613125,-0.176360640269667,-0.176360640269667,-0.176360640269667,-0.285423230098055
0,0,0,0.212205001131221,-0.173292411587456,-0.173292411587456,-0.173292411587456,-0.281258390563827
0,0,0,0.213309956355276,-0.170214139294734,-0.170214139294734,-0.170214139294734,-0.277079098284337
0,0,0,0.214415819654044,-0.167125890813881,-0.167125890813881,-0.167125890813881,-0.272885476405906
0,0,0,0.21552256234565,-0.164027734520031,-0.164027734520031,-0.164027734520031,-0.268677649813593
0,0,0,0.216630155699601,-0.160919739737549,-0.160919739737549,-0.160919739737549,-0.264455745120207
0,0,0,0.217738570938809,-0.157801976736335,-0.157801976736335,-0.157801976736335,-0.260219890654932
0,0,0,0.218847779241619,-0.154674516727956,-0.154674516727956,-0.154674516727956,-0.255970216451548
0,0,0,0.219957751743843,-0.15153743186162,-0.15153743186162,-0.15153743186162,-0.251706854236273
0,0,0,0.221068459540804,-0.14839079521997,-0.14839079521997,-0.14839079521997,-0.247429937415197
0,0,0,0.222179873689388,-0.145234680814724,-0.145234680814724,-0.145234680814724,-0.24313960106134
0,0,0,0.223291965210098,-0.142069163582133,-0.142069163582133,-0.142069163582133,-0.238835981901316
0,0,0,0.224404705089119,-0.138894319378287,-0.138894319378287,-0.138894319378287,-0.234519218301617
0,0,0,0.225518064280387,-0.13571022497424,-0.13571022497424,-0.13571022497424,-0.230189450254505
0,0,0,0.226632013707668,-0.132516958050978,-0.132516958050978,-0.132516958050978,-0.225846819363535
0,0,0,0.227746524266632,-0.129314597194219,-0.129314597194219,-0.129314597194219,-0.221491468828688
0,0,0,0.22886156682695,-0.126103221889042,-0.126103221889042,-0.126103221889042,-0.217123543431138
0,0,0,0.229977112234377,-0.122882912514362,-0.122882912514362,-0.122882912514362,-0.212743189517641
0,0,0,0.231093131312855,-0.119653750337227,-0.119653750337227,-0.119653750337227,-0.208350554984557
0,0,0,0.232209594866613,-0.116415817506961,-0.116415817506961,-0.116415817506961,-0.203945789261502
0,0,0,0.233326473682271,-0.113169197049143,-0.113169197049143,-0.113169197049143,-0.199529043294641
0,0,0,0.234443738530955,-0.109913972859412,-0.109913972859412,-0.109913972859412,-0.195100469529615
0,0,0,0.235561360170409,-0.106650229697127,-0.106650229697127,-0.106650229697127,-0.190660221894118
0,0,0,0.236679309347112,-0.103378053178856,-0.103378053178856,-0.103378053178856,-0.186208455780113
0,0,0,0.237797556798399,-0.100097529771702,-0.100097529771702,-0.100097529771702,-0.181745328025709
0,0,0,0.238916073254589,-0.0968087467864763,-0.0968087467864763,-0.0968087467864763,-0.17727099689668
0,0,0,0.240034829441107,-0.0935117923707093,-0.0935117923707093,-0.0935117923707093,-0.17278562206765
0,0,0,0.241153796080618,-0.0902067555015059,-0.0902067555015059,-0.0902067555015059,-0.168289364602942
0,0,0,0.242272943895156,-0.086893725978242,-0.086893725978242,-0.086893725978242,-0.163782386937089
0,0,0,0.243392243608258,-0.0835727944151066,-0.0835727944151066,-0.0835727944151066,-0.159264852855018
0,0,0,0.244511665947101,-0.0802440522334881,-0.0802440522334881,-0.0802440522334881,-0.154736927471909
0,0,0,0.245631181644636,-0.0769075916542094,-0.0769075916542094,-0.0769075916542094,-0.150198777212736
0,0,0,0.24675076144173,-0.0735635056896079,-0.0735635056896079,-0.0735635056896079,-0.145650569791488
0,0,0,0.247870376089299,-0.0702118881354674,-0.0702118881354674,-0.0702118881354674,-0.141092474190091
0,0,0,0.248989996350453,-0.0668528335627979,-0.0668528335627979,-0.0668528335627979,-0.13652466063701
0,0,0,0.250109593002628,-0.0634864373094676,-0.0634864373094676,-0.0634864373094676,-0.131947300585561
0,0,0,0.251229136839735,-0.0601127954716881,-0.0601127954716881,-0.0601127954716881,-0.127360566691923
0,0,0,0.252348598674287,-0.0567320048953537,-0.0567320048953537,-0.0567320048953537,-0.122764632792868
0,0,0,0.253467949339549,-0.0533441631672363,-0.0533441631672363,-0.0533441631672363,-0.118159673883193
0,0,0,0.254587159691666,-0.0499493686060386,-0.0499493686060386,-0.0499493686060386,-0.113545866092889
0,0,0,0.255706200611801,-0.0465477202533025,-0.0465477202533025,-0.0465477202533025,-0.108923386664024
0,0,0,0.256825043008275,-0.043139317864182,-0.043139317864182,-0.043139317864182,-0.104292413927368
0,0,0,0.25794365781869,-0.0397242618980753,-0.0397242618980753,-0.0397242618980753,-0.0996531272787489
0,0,0,0.259062016012068,-0.0363026535091225,-0.0363026535091225,-0.0363026535091225,-0.0950057071551599
0,0,0,0.260180088590972,-0.0328745945365655,-0.0328745945365655,-0.0328745945365655,-0.0903503350106119
0,0,0,0.261297846593637,-0.0294401874949777,-0.0294401874949777,-0.0294401874949777,-0.0856871932917456
0,0,0,0.262415261096087,-0.0259995355643596,-0.0259995355643596,-0.0259995355643596,-0.0810164654132039
0,0,0,0.263532303214256,-0.0225527425801085,-0.0225527425801085,-0.0225527425801085,-0.0763383357327776
0,0,0,0.264648944106105,-0.0190999130228575,-0.0190999130228575,-0.0190999130228575,-0.0716529895263225
0,0,0,0.265765154973728,-0.0156411520081891,-0.0156411520081891,-0.0156411520081891,-0.0669606129624599
0,0,0,0.266880907065463,-0.0121765652762268,-0.0121765652762268,-0.0121765652762268,-0.0622613930770672
0,0,0,0.267996171677994,-0.00870625918110163,-0.00870625918110163,-0.00870625918110163,-0.0575555177475611
0,0,0,0.269110920158448,-0.00523034068030281,-0.00523034068030281,-0.00523034068030281,-0.0528431756669861
0,0,0,0.270225123906484,-0.00174891732390647,-0.00174891732390647,-0.00174891732390647,-0.0481245563179083
0,0,0,0.271338754376388,0.00173790275630908,0.00173790275630908,0.00173790275630908,-0.0433998499461272
0,0,0,0.272451783079144,0.00523001085786168,0.00523001085786168,0.00523001085786168,-0.0386692475342107
0,0,0,0.273564181584519,0.00872729771867742,0.00872729771867742,0.00872729771867742,-0.0339329407748562
0,0,0,0.274675921523125,0.0122296535283096,0.0122296535283096,0.0122296535283096,-0.0291911220440927
0,0,0,0.275786974588485,0.0157369679392659,0.0157369679392659,0.0157369679392659,-0.0244439843743249
0,0,0,0.276897312539084,0.0192491300784419,0.0192491300784419,0.0192491300784419,-0.0196917214272269
0,0,0,0.278006907200426,0.0227660285586549,0.0227660285586549,0.0227660285586549,-0.0149345274664971
0,0,0,0.279115730467064,0.0262875514902801,0.0262875514902801,0.0262875514902801,-0.0101725973304761
0,0,0,0.28022375430464,0.0298135864929842,0.0298135864929842,0.0298135864929842,-0.00540612640463941
0,0,0,0.281330950751908,0.0333440207075544,0.0333440207075544,0.0333440207075544,-0.000635310593969513
0,0,0,0.28243729192275,0.0368787408078212,0.0368787408078212,0.0368787408078212,0.00413965370478363
0,0,0,0.283542750008184,0.0404176330126721,0.0404176330126721,0.0404176330126721,0.00891856963094767
0,0,0,0.284647297278364,0.0439605830981549,0.0439605830981549,0.0439605830981549,0.0137012398878706
0,0,0,0.285750906084567,0.0475074764096639,0.0475074764096639,0.0475074764096639,0.0184874667709504
0,0,0,0.286853548861178,0.0510581978742132,0.0510581978742132,0.0510581978742132,0.0232770521957498
0,0,0,0.287955198127655,0.0546126320127891,0.0546126320127891,0.0546126320127891,0.0280697977261845
0,0,0,0.289055826490492,0.0581706629527814,0.0581706629527814,0.0581706629527814,0.0328655046027782
0,0,0,0.290155406645169,0.0617321744404914,0.0617321744404914,0.0617321744404914,0.0376639737709773
0,0,0,0.291253911378092,0.0652970498537109,0.0652970498537109,0.0652970498537109,0.0424650059095156
0,0,0,0.292351313568519,0.0688651722143752,0.0688651722143752,0.0688651722143752,0.0472684014588259
0,0,0,0.293447586190479,0.0724364242012811,0.0724364242012811,0.0724364242012811,0.0520739606494836
0,0,0,0.294542702314677,0.0760106881628727,0.0760106881628727,0.0760106881628727,0.0568814835306837
0,0,0,0.29563663511039,0.0795878461300893,0.0795878461300893,0.0795878461300893,0.0616907699987357
0,0,0,0.296729357847347,0.0831677798292715,0.0831677798292715,0.0831677798292715,0.0665016198255702
0,0,0,0.297820843897597,0.0867503706951274,0.0867503706951274,0.0867503706951274,0.0713138326872548
0,0,0,0.298911066737371,0.0903354998837522,0.0903354998837522,0.0903354998837522,0.0761272081925051
0,0,0,0.299999999948922,0.093923048285699,0.093923048285699,0.093923048285699,0.0809415459111857
0,0,0,0.301087617222361,0.0975128965391008,0.0975128965391008,0.0975128965391008,0.0857566454027961
0,0,0,0.302173892357469,0.101104925042836,0.101104925042836,0.101104925042836,0.0905723062449273
0,0,0,0.303258799265505,0.10469901396974,0.10469901396974,0.10469901396974,0.0953883280616896
0,0,0,0.304342311970998,0.108295043279856,0.108295043279856,0.108295043279856,0.100204510552095
0,0,0,0.305424404613521,0.111892892733724,0.111892892733724,0.111892892733724,0.105020653518398
0,0,0,0.306505051449452,0.115492441905707,0.115492441905707,0.115492441905707,0.109836556894375
0,0,0,0.307584226853726,0.119093570197345,0.119093570197345,0.119093570197345,0.114652020773542
0,0,0,0.308661905321563,0.122696156850744,0.122696156850744,0.122696156850744,0.119466845437304
0,0,0,0.30973806147019,0.126300080961985,0.126300080961985,0.126300080961985,0.124280831383022
0,0,0,0.310812670040538,0.129905221494567,0.129905221494567,0.129905221494567,0.129093779351996
0,0,0,0.311885705898935,0.133511457292856,0.133511457292856,0.133511457292856,0.133905490357361
0,0,0,0.312957144038772,0.137118667095569,0.137118667095569,0.137118667095569,0.138715765711872
0,0,0,0.31402695958216,0.140726729549258,0.140726729549258,0.140726729549258,0.143524407055585
0,0,0,0.31509512778157,0.144335523221816,0.144335523221816,0.144335523221816,0.148331216383431
0,0,0,0.316161624021452,0.14794492661599,0.14794492661599,0.14794492661599,0.153135996072656
0,0,0,0.317226423819843,0.151554818182898,0.151554818182898,0.151554818182898,0.157938548910143
0,0,0,0.318289502829955,0.155165076335552,0.155165076335552,0.155165076335552,0.162738678119584
0,0,0,0.319350836841747,0.158775579462384,0.158775579462384,0.158775579462384,0.167536187388525
0,0,0,0.320410401783479,0.162386205940762,0.162386205940762,0.162386205940762,0.172330880895249
0,0,0,0.321468173723247,0.165996834150509,0.165996834150509,0.165996834150509,0.177122563335504
0,0,0,0.322524128870504,0.169607342487415,0.169607342487415,0.169607342487415,0.181911039949074
0,0,0,0.323578243577561,0.173217609376729,0.173217609376729,0.173217609376729,0.186696116546168
0,0,0,0.324630494341067,0.176827513286643,0.176827513286643,0.176827513286643,0.191477599533642
0,0,0,0.325680857803477,0.180436932741764,0.180436932741764,0.180436932741764,0.196255295941033
0,0,0,0.326729310754495,0.184045746336562,0.184045746336562,0.184045746336562,0.201029013446402
0,0,0,0.327775830132504,0.18765383274879,0.18765383274879,0.18765383274879,0.20579856040198
0,0,0,0.32882039302597,0.191261070752894,0.191261070752894,0.191261070752894,0.210563745859617
0,0,0,0.329862976674836,0.194867339233377,0.194867339233377,0.194867339233377,0.215324379596009
0,0,0,0.330903558471887,0.198472517198152,0.198472517198152,0.198472517198152,0.220080272137727
0,0,0,0.331942115964105,0.202076483791842,0.202076483791842,0.202076483791842,0.224831234786009
0,0,0,0.332978626853996,0.20567911830906,0.20567911830906,0.20567911830906,0.229577079641333
0,0,0,0.334013069000903,0.20928030020764,0.20928030020764,0.20928030020764,0.234317619627757
0,0,0,0.335045420422297,0.212879909121829,0.212879909121829,0.212879909121829,0.239052668517012
0,0,0,0.336075659295046,0.216477824875437,0.216477824875437,0.216477824875437,0.243782040952362
0,0,0,0.337103763956669,0.220073927494938,0.220073927494938,0.220073927494938,0.248505552472208
0,0,0,0.338129712906563,0.223668097222518,0.223668097222518,0.223668097222518,0.253223019533434
0,0,0,0.339153484807214,0.227260214529075,0.227260214529075,0.227260214529075,0.257934259534496
0,0,0,0.340175058485386,0.230850160127163,0.230850160127163,0.230850160127163,0.262639090838241
0,0,0,0.341194412933289,0.234437814983876,0.234437814983876,0.234437814983876,0.267337332794466
0,0,0,0.342211527309726,0.238023060333669,0.238023060333669,0.238023060333669,0.272028805762181
0,0,0,0.34322638094122,0.241605777691126,0.241605777691126,0.241605777691126,0.276713331131612
0,0,0,0.344238953323118,0.24518584886365,0.24518584886365,0.24518584886365,0.2813907313459
0,0,0,0.345249224120673,0.24876315596409,0.24876315596409,0.24876315596409,0.286060829922525
0,0,0,0.346257173170108,0.252337581423299,0.252337581423299,0.252337581423299,0.290723451474424
0,0,0,0.347262780479658,0.255909008002615,0.255909008002615,0.255909008002615,0.295378421730811
0,0,0,0.348266026230583,0.259477318806269,0.259477318806269,0.259477318806269,0.300025567557704
0,0,0,0.349266890778171,0.26304239729371,0.26304239729371,0.26304239729371,0.304664716978125
0,0,0,0.350265354652711,0.266604127291854,0.266604127291854,0.266604127291854,0.309295699192006
0,0,0,0.351261398560442,0.270162393007247,0.270162393007247,0.270162393007247,0.313918344595769
0,0,0,0.352255003384491,0.273717079038144,0.273717079038144,0.273717079038144,0.31853248480159
0,0,0,0.353246150185777,0.277268070386497,0.277268070386497,0.277268070386497,0.323137952656336
0,0,0,0.354234820203898,0.280815252469856,0.280815252469856,0.280815252469856,0.327734582260184
0,0,0,0.355220994857997,0.284358511133173,0.284358511133173,0.284358511133173,0.332322208984894
0,0,0,0.356204655747601,0.287897732660516,0.287897732660516,0.287897732660516,0.336900669491767
0,0,0,0.357185784653443,0.291432803786684,0.291432803786684,0.291432803786684,0.34146980174925
0,0,0,0.358164363538258,0.294963611708717,0.294963611708717,0.294963611708717,0.346029445050213
0,0,0,0.359140374547555,0.298490044097313,0.298490044097313,0.298490044097313,0.350579440028877
0,0,0,0.360113800010372,0.302011989108138,0.302011989108138,0.302011989108138,0.355119628677395
0,0,0,0.36108462244,0.305529335393024,0.305529335393024,0.305529335393024,0.359649854362093
0,0,0,0.362052824534696,0.309041972111071,0.309041972111071,0.309041972111071,0.36416996183935
0,0,0,0.363018389178358,0.312549788939625,0.312549788939625,0.312549788939625,0.368679797271134
0,0,0,0.363981299441191,0.316052676085157,0.316052676085157,0.316052676085157,0.373179208240178
0,0,0,0.364941538580342,0.319550524294019,0.319550524294019,0.319550524294019,0.377668043764796
0,0,0,0.365899090040516,0.323043224863086,0.323043224863086,0.323043224863086,0.382146154313351
0,0,0,0.366853937454567,0.326530669650283,0.326530669650283,0.326530669650283,0.386613391818345
0,0,0,0.367806064644064,0.33001275108499,0.33001275108499,0.33001275108499,0.391069609690161
0,0,0,0.368755455619842,0.333489362178323,0.333489362178323,0.333489362178323,0.395514662830432
0,0,0,0.36970209458252,0.336960396533297,0.336960396533297,0.336960396533297,0.39994840764505
0,0,0,0.370645965923002,0.34042574835486,0.34042574835486,0.34042574835486,0.404370702056798
0,0,0,0.371587054222955,0.3438853124598,0.3438853124598,0.3438853124598,0.408781405517626
0,0,0,0.372525344255262,0.347338984286528,0.347338984286528,0.347338984286528,0.413180379020548
0,0,0,0.37346082098445,0.350786659904724,0.350786659904724,0.350786659904724,0.417567485111173
0,0,0,0.374393469567103,0.354228236024853,0.354228236024853,0.354228236024853,0.421942587898864
0,0,0,0.375323275352241,0.357663610007557,0.357663610007557,0.357663610007557,0.426305553067522
0,0,0,0.376250223881687,0.361092679872896,0.361092679872896,0.361092679872896,0.430656247886004
0,0,0,0.377174300890402,0.364515344309467,0.364515344309467,0.364515344309467,0.434994541218162
0,0,0,0.378095492306802,0.367931502683375,0.367931502683375,0.367931502683375,0.439320303532512
0,0,0,0.379013784253053,0.371341055047076,0.371341055047076,0.371341055047076,0.443633406911525
0,0,0,0.379929163045339,0.374743902148066,0.374743902148066,0.374743902148066,0.447933725060557
0,0,0,0.380841615194109,0.378139945437439,0.378139945437439,0.378139945437439,0.452221133316385
0,0,0,0.381751127404305,0.381529087078299,0.381529087078299,0.381529087078299,0.456495508655394
0,0,0,0.382657686575561,0.384911229954025,0.384911229954025,0.384911229954025,0.460756729701369
0,0,0,0.383561279802383,0.388286277676394,0.388286277676394,0.388286277676394,0.465004676732932
0,0,0,0.384461894374309,0.391654134593558,0.391654134593558,0.391654134593558,0.469239231690596
0,0,0,0.385359517776037,0.395014705797867,0.395014705797867,0.395014705797867,0.473460278183451
0,0,0,0.386254137687542,0.398367897133555,0.398367897133555,0.398367897133555,0.477667701495487
0,0,0,0.387145741984165,0.401713615204264,0.401713615204264,0.401713615204264,0.481861388591534
0,0,0,0.388034318736679,0.405051767380425,0.405051767380425,0.405051767380425,0.486041228122845
0,0,0,0.388919856211332,0.408382261806488,0.408382261806488,0.408382261806488,0.490207110432305
0,0,0,0.389802342869875,0.411705007407991,0.411705007407991,0.411705007407991,0.49435892755928
0,0,0,0.390681767369559,0.415019913898492,0.415019913898492,0.415019913898492,0.498496573244098
0,0,0,0.391558118563112,0.41832689178633,0.41832689178633,0.41832689178633,0.502619942932168
0,0,0,0.392431385498702,0.421625852381239,0.421625852381239,0.421625852381239,0.506728933777732
0,0,0,0.393301557419867,0.424916707800812,0.424916707800812,0.424916707800812,0.510823444647266
0,0,0,0.394168623765429,0.428199370976798,0.428199370976798,0.428199370976798,0.514903376122524
0,0,0,0.39503257416939,0.431473755661254,0.431473755661254,0.431473755661254,0.518968630503213
0,0,0,0.395893398460797,0.434739776432525,0.434739776432525,0.434739776432525,0.523019111809325
0,0,0,0.396751086663594,0.437997348701087,0.437997348701087,0.437997348701087,0.527054725783116
0,0,0,0.397605628996451,0.441246388715212,0.441246388715212,0.441246388715212,0.531075379890733
0,0,0,0.398457015872568,0.444486813566487,0.444486813566487,0.444486813566487,0.535080983323495
0,0,0,0.399305237899463,0.447718541195171,0.447718541195171,0.447718541195171,0.539071446998824
0,0,0,0.400150285878736,0.450941490395389,0.450941490395389,0.450941490395389,0.543046683560844
0,0,0,0.400992150805813,0.454155580820174,0.454155580820174,0.454155580820174,0.547006607380628
0,0,0,0.401830823869671,0.457360732986343,0.457360732986343,0.457360732986343,0.550951134556117
0,0,0,0.402666296452541,0.460556868279216,0.460556868279216,0.460556868279216,0.554880182911698
0,0,0,0.403498560129589,0.463743908957177,0.463743908957177,0.463743908957177,0.558793671997458
0,0,0,0.404327606668583,0.466921778156067,0.466921778156067,0.466921778156067,0.562691523088099
0,0,0,0.405153428029531,0.470090399893429,0.470090399893429,0.470090399893429,0.566573659181535
0,0,0,0.405976016364307,0.473249699072582,0.473249699072582,0.473249699072582,0.570440004997161
0,0,0,0.406795364016255,0.476399601486543,0.476399601486543,0.476399601486543,0.574290486973816
0,0,0,0.407611463519771,0.47954003382178,0.47954003382178,0.47954003382178,0.578125033267403
0,0,0,0.408424307599867,0.482670923661819,0.482670923661819,0.482670923661819,0.581943573748225
0,0,0,0.40923388917172,0.48579219949067,0.48579219949067,0.48579219949067,0.585746039997992
0,0,0,0.410040201340193,0.488903790696122,0.488903790696122,0.488903790696122,0.589532365306532
0,0,0,0.410843237399346,0.492005627572848,0.492005627572848,0.492005627572848,0.593302484668192
0,0,0,0.411642990831927,0.495097641325375,0.495097641325375,0.495097641325375,0.597056334777948
0,0,0,0.412439455308836,0.498179764070883,0.498179764070883,0.498179764070883,0.600793854027211
0,0,0,0.41323262468858,0.501251928841849,0.501251928841849,0.501251928841849,0.604514982499347
0,0,0,0.414022493016712,0.504314069588533,0.504314069588533,0.504314069588533,0.608219661964911
0,0,0,0.414809054525236,0.507366121181306,0.507366121181306,0.507366121181306,0.611907835876587
0,0,0,0.415592303632016,0.510408019412822,0.510408019412822,0.510408019412822,0.615579449363859
0,0,0,0.416372234940151,0.513439701000031,0.513439701000031,0.513439701000031,0.619234449227399
0,0,0,0.417148843237339,0.516461103586042,0.516461103586042,0.516461103586042,0.622872783933186
0,0,0,0.417922123495224,0.519472165741819,0.519472165741819,0.519472165741819,0.626494403606352
0,0,0,0.418692070868724,0.522472826967739,0.522472826967739,0.522472826967739,0.63009926002477
0,0,0,0.419458680695347,0.52546302769498,0.52546302769498,0.52546302769498,0.633687306612377
0,0,0,0.420221948494482,0.528442709286765,0.528442709286765,0.528442709286765,0.637258498432243
0,0,0,0.420981869966682,0.531411814039451,0.531411814039451,0.531411814039451,0.640812792179389
0,0,0,0.421738440992926,0.534370285183465,0.534370285183465,0.534370285183465,0.644350146173355
0,0,0,0.422491657633867,0.537318066884091,0.537318066884091,0.537318066884091,0.647870520350526
0,0,0,0.423241516129066,0.540255104242107,0.540255104242107,0.540255104242107,0.65137387625622
0,0,0,0.423988012896203,0.543181343294268,0.543181343294268,0.543181343294268,0.65486017703654
0,0,0,0.424731144530285,0.546096731013651,0.546096731013651,0.546096731013651,0.658329387429998
0,0,0,0.425470907802827,0.549001215309838,0.549001215309838,0.549001215309838,0.661781473758906
0,0,0,0.426207299661026,0.551894745028969,0.551894745028969,0.551894745028969,0.665216403920557
0,0,0,0.426940317226916,0.554777269953635,0.554777269953635,0.554777269953635,0.66863414737818
0,0,0,0.427669957796512,0.557648740802637,0.557648740802637,0.557648740802637,0.672034675151685
0,0,0,0.428396218838938,0.560509109230597,0.560509109230597,0.560509109230597,0.675417959808199
0,0,0,0.429119097995541,0.563358327827428,0.563358327827428,0.563358327827428,0.678783975452405
0,0,0,0.429838593078992,0.566196350117663,0.566196350117663,0.566196350117663,0.682132697716668
0,0,0,0.430554702072372,0.569023130559644,0.569023130559644,0.569023130559644,0.685464103750985
0,0,0,0.431267423128249,0.571838624544573,0.571838624544573,0.571838624544573,0.688778172212724
0,0,0,0.431976754567737,0.574642788395427,0.574642788395427,0.574642788395427,0.6920748832562
0,0,0,0.432682694879545,0.577435579365732,0.577435579365732,0.577435579365732,0.695354218522051
0,0,0,0.433385242719012,0.580216955638211,0.580216955638211,0.580216955638211,0.698616161126447
0,0,0,0.434084396907136,0.582986876323289,0.582986876323289,0.582986876323289,0.701860695650129
0,0,0,0.434780156429575,0.585745301457472,0.585745301457472,0.585745301457472,0.705087808127273
0,0,0,0.435472520435661,0.588492192001592,0.588492192001592,0.588492192001592,0.708297486034201
0,0,0,0.436161488237376,0.591227509838929,0.591227509838929,0.591227509838929,0.711489718277927
0,0,0,0.436847059308337,0.593951217773194,0.593951217773194,0.593951217773194,0.714664495184548
0,0,0,0.437529233282761,0.596663279526399,0.596663279526399,0.596663279526399,0.717821808487499
0,0,0,0.438208009954417,0.599363659736588,0.599363659736588,0.599363659736588,0.720961651315645
0,0,0,0.438883389275576,0.602052323955458,0.602052323955458,0.602052323955458,0.724084018181251
0,0,0,0.439555371355943,0.604729238645848,0.604729238645848,0.604729238645848,0.727188904967803
0,0,0,0.440223956461583,0.607394371179112,0.607394371179112,0.607394371179112,0.730276308917708
0,0,0,0.440889145013834,0.610047689832374,0.610047689832374,0.610047689832374,0.733346228619863
0,0,0,0.441550937588215,0.612689163785662,0.612689163785662,0.612689163785662,0.736398663997105
0,0,0,0.442209334913323,0.615318763118929,0.615318763118929,0.615318763118929,0.739433616293539
0,0,0,0.442864337869717,0.617936458808964,0.617936458808964,0.617936458808964,0.742451088061762
0,0,0,0.443515947488799,0.620542222726178,0.620542222726178,0.620542222726178,0.745451083149971
0,0,0,0.444164164951684,0.623136027631294,0.623136027631294,0.623136027631294,0.748433606688972
0,0,0,0.444808991588062,0.625717847171918,0.625717847171918,0.625717847171918,0.751398665079084
0,0,0,0.445450428875052,0.628287655879006,0.628287655879006,0.628287655879006,0.75434626597696
0,0,0,0.446088478436046,0.630845429163229,0.630845429163229,0.630845429163229,0.757276418282303
0,0,0,0.446723142039551,0.633391143311222,0.633391143311222,0.633391143311222,0.760189132124504
0,0,0,0.44735442159802,0.635924775481748,0.635924775481748,0.635924775481748,0.763084418849202
0,0,0,0.447982319166676,0.638446303701746,0.638446303701746,0.638446303701746,0.765962291004754
0,0,0,0.448606836942328,0.640955706862289,0.640955706862289,0.640955706862289,0.768822762328646
0,0,0,0.449227977262187,0.643452964714442,0.643452964714442,0.643452964714442,0.771665847733824
0,0,0,0.449845742602667,0.645938057865026,0.645938057865026,0.645938057865026,0.774491563294968
0,0,0,0.450460135578188,0.648410967772288,0.648410967772288,0.648410967772288,0.7772999262347
0,0,0,0.451071158939968,0.650871676741478,0.650871676741478,0.650871676741478,0.780090954909737
0,0,0,0.451678815574809,0.653320167920338,0.653320167920338,0.653320167920338,0.782864668796998
0,0,0,0.452283108503885,0.655756425294505,0.655756425294505,0.655756425294505,0.785621088479649
0,0,0,0.452884040881519,0.658180433682821,0.658180433682821,0.658180433682821,0.78836023563312
0,0,0,0.453481615993953,0.660592178732567,0.660592178732567,0.660592178732567,0.791082133011068
0,0,0,0.454075837258122,0.662991646914609,0.662991646914609,0.662991646914609,0.793786804431316
0,0,0,0.454666708220415,0.665378825518464,0.665378825518464,0.665378825518464,0.796474274761746
0,0,0,0.455254232555442,0.667753702647292,0.667753702647292,0.667753702647292,0.79914456990618
0,0,0,0.455838414064783,0.670116267212802,0.670116267212802,0.670116267212802,0.801797716790219
0,0,0,0.456419256675751,0.672466508930095,0.672466508930095,0.672466508930095,0.804433743347079
0,0,0,0.456996764440138,0.67480441831242,0.67480441831242,0.67480441831242,0.807052678503393
0,0,0,0.457570941532964,0.677129986665873,0.677129986665873,0.677129986665873,0.809654552165013
0,0,0,0.458141792251223,0.679443206084014,0.679443206084014,0.679443206084014,0.812239395202797
0,0,0,0.458709321012626,0.681744069442426,0.681744069442426,0.681744069442426,0.814807239438388
0,0,0,0.459273532354343,0.684032570393204,0.684032570393204,0.684032570393204,0.817358117629996
0,0,0,0.45983443093174,0.686308703359378,0.686308703359378,0.686308703359378,0.819892063458178
0,0,0,0.460392021517119,0.688572463529281,0.688572463529281,0.688572463529281,0.822409111511622
0,0,0,0.460946308998451,0.690823846850853,0.690823846850853,0.690823846850853,0.824909297272943
0,0,0,0.461497298378113,0.69306285002588,0.69306285002588,0.69306285002588,0.827392657104484
0,0,0,0.462044994771623,0.695289470504196,0.695289470504196,0.695289470504196,0.829859228234142
0,0,0,0.46258940340637,0.697503706477808,0.697503706477808,0.697503706477808,0.832309048741202
0,0,0,0.463130529620349,0.699705556874983,0.699705556874983,0.699705556874983,0.834742157542196
0,0,0,0.463668378860892,0.701895021354285,0.701895021354285,0.701895021354285,0.837158594376794
0,0,0,0.464202956683404,0.704072100298551,0.704072100298551,0.704072100298551,0.83955839979371
0,0,0,0.464734268750092,0.706236794808836,0.706236794808836,0.706236794808836,0.841941615136651
0,0,0,0.4652623208287,0.708389106698299,0.708389106698299,0.708389106698299,0.844308282530289
0,0,0,0.465787118791243,0.710529038486058,0.710529038486058,0.710529038486058,0.846658444866283
0,0,0,0.46630866861274,0.712656593390996,0.712656593390996,0.712656593390996,0.84899214578933
0,0,0,0.466826976369956,0.714771775325527,0.714771775325527,0.714771775325527,0.851309429683262
0,0,0,0.467342048240131,0.716874588889335,0.716874588889335,0.716874588889335,0.853610341657194
0,0,0,0.467853890499728,0.718965039363061,0.718965039363061,0.718965039363061,0.855894927531712
0,0,0,0.468362509523165,0.721043132701972,0.721043132701972,0.721043132701972,0.858163233825125
0,0,0,0.468867911781568,0.723108875529587,0.723108875529587,0.723108875529587,0.860415307739754
0,0,0,0.469370103841506,0.72516227513128,0.72516227513128,0.72516227513128,0.862651197148291
0,0,0,0.469869092363748,0.727203339447851,0.727203339447851,0.727203339447851,0.864870950580218
0,0,0,0.470364884102008,0.729232077069067,0.729232077069067,0.729232077069067,0.867074617208276
0,0,0,0.4708574859017,0.73124849722719,0.73124849722719,0.73124849722719,0.86926224683501
0,0,0,0.471346904698695,0.733252609790468,0.733252609790468,0.733252609790468,0.871433889879381
0,0,0,0.47183314751808,0.735244425256614,0.735244425256614,0.735244425256614,0.873589597363433
0,0,0,0.472316221472923,0.737223954746262,0.737223954746262,0.737223954746262,0.875729420899053
0,0,0,0.472796133763039,0.739191209996406,0.739191209996406,0.739191209996406,0.877853412674786
0,0,0,0.473272891673763,0.741146203353824,0.741146203353824,0.741146203353824,0.87996162544274
0,0,0,0.473746502574723,0.743088947768487,0.743088947768487,0.743088947768487,0.88205411250556
0,0,0,0.47421697391862,0.745019456786954,0.745019456786954,0.745019456786954,0.884130927703485
0,0,0,0.474684313240016,0.746937744545758,0.746937744545758,0.746937744545758,0.886192125401495
0,0,0,0.475148528154118,0.748843825764782,0.748843825764782,0.748843825764782,0.888237760476529
0,0,0,0.475609626355574,0.75073771574063,0.75073771574063,0.75073771574063,0.890267888304802
0,0,0,0.476067615617276,0.752619430339987,0.752619430339987,0.752619430339987,0.892282564749206
0,0,0,0.476522503789156,0.754488985992981,0.754488985992981,0.754488985992981,0.894281846146796
0,0,0,0.476974298797004,0.756346399686535,0.756346399686535,0.756346399686535,0.89626578929638
0,0,0,0.477423008641279,0.758191688957726,0.758191688957726,0.758191688957726,0.898234451446191
0,0,0,0.477868641395933,0.760024871887143,0.760024871887143,0.760024871887143,0.900187890281665
0,0,0,0.478311205207237,0.761845967092237,0.761845967092237,0.761845967092237,0.90212616391331
0,0,0,0.478750708292614,0.763654993720691,0.763654993720691,0.763654993720691,0.904049330864674
0,0,0,0.47918715893948,0.765451971443784,0.765451971443784,0.765451971443784,0.905957450060419
0,0,0,0.479620565504093,0.767236920449766,0.767236920449766,0.767236920449766,0.907850580814491
0,0,0,0.480050936410402,0.76900986143724,0.76900986143724,0.76900986143724,0.9097287828184
0,0,0,0.480478280148911,0.770770815608552,0.770770815608552,0.770770815608552,0.911592116129598
0,0,0,0.480902605275541,0.772519804663202,0.772519804663202,0.772519804663202,0.913440641159972
0,0,0,0.481323920410512,0.774256850791251,0.774256850791251,0.774256850791251,0.915274418664434
0,0,0,0.481742234237219,0.775981976666759,0.775981976666759,0.775981976666759,0.917093509729631
0,0,0,0.482157555501123,0.777695205441229,0.777695205441229,0.777695205441229,0.918897975762762
0,0,0,0.482569893008648,0.77939656073707,0.77939656073707,0.77939656073707,0.920687878480502
0,0,0,0.482979255626085,0.781086066641078,0.781086066641078,0.781086066641078,0.922463279898041
0,0,0,0.483385652278506,0.782763747697942,0.782763747697942,0.782763747697942,0.924224242318243
0,0,0,0.483789091948685,0.784429628903762,0.784429628903762,0.784429628903762,0.925970828320911
0,0,0,0.484189583676026,0.786083735699596,0.786083735699596,0.786083735699596,0.927703100752174
0,0,0,0.484587136555498,0.787726093965032,0.787726093965032,0.787726093965032,0.929421122713987
0,0,0,0.484981759736587,0.789356730011776,0.789356730011776,0.789356730011776,0.931124957553751
0,0,0,0.485373462422243,0.79097567057728,0.79097567057728,0.79097567057728,0.932814668854053
0,0,0,0.485762253867852,0.792582942818385,0.792582942818385,0.792582942818385,0.934490320422522
0,0,0,0.486148143380197,0.794178574304999,0.794178574304999,0.794178574304999,0.936151976281808
0,0,0,0.486531140316451,0.795762593013806,0.795762593013806,0.795762593013806,0.937799700659681
0,0,0,0.486911254083158,0.797335027322001,0.797335027322001,0.797335027322001,0.939433557979249
0,0,0,0.487288494135237,0.798895906001063,0.798895906001063,0.798895906001063,0.941053612849309
0,0,0,0.487662869974989,0.800445258210559,0.800445258210559,0.800445258210559,0.942659930054804
0,0,0,0.488034391151118,0.80198311349198,0.80198311349198,0.80198311349198,0.944252574547422
0,0,0,0.488403067257755,0.803509501762619,0.803509501762619,0.803509501762619,0.945831611436303
0,0,0,0.488768907933497,0.80502445330948,0.80502445330948,0.80502445330948,0.947397105978882
0,0,0,0.489131922860457,0.806527998783227,0.806527998783227,0.806527998783227,0.948949123571854
0,0,0,0.489492121763317,0.808020169192173,0.808020169192173,0.808020169192173,0.950487729742259
0,0,0,0.489849514408395,0.809500995896304,0.809500995896304,0.809500995896304,0.952012990138704
0,0,0,0.490204110602729,0.810970510601356,0.810970510601356,0.810970510601356,0.953524970522701
0,0,0,0.490555920193153,0.812428745352915,0.812428745352915,0.812428745352915,0.955023736760134
0,0,0,0.490904953065407,0.813875732530578,0.813875732530578,0.813875732530578,0.95650935481286
0,0,0,0.491251219143233,0.815311504842147,0.815311504842147,0.815311504842147,0.957981890730429
0,0,0,0.491594728387504,0.816736095317871,0.816736095317871,0.816736095317871,0.959441410641931
0,0,0,0.491935490795344,0.818149537304732,0.818149537304732,0.818149537304732,0.96088798074798
0,0,0,0.492273516399271,0.819551864460781,0.819551864460781,0.819551864460781,0.962321667312814
0,0,0,0.492608815266349,0.820943110749514,0.820943110749514,0.820943110749514,0.963742536656528
0,0,0,0.492941397497345,0.822323310434308,0.822323310434308,0.822323310434308,0.96515065514744
0,0,0,0.4932712732259,0.82369249807289,0.82369249807289,0.82369249807289,0.966546089194574
0,0,0,0.493598452617716,0.82505070851187,0.82505070851187,0.82505070851187,0.967928905240277
0,0,0,0.493922945869743,0.826397976881314,0.826397976881314,0.826397976881314,0.969299169752969
0,0,0,0.494244763209388,0.827734338589377,0.827734338589377,0.827734338589377,0.970656949220006
0,0,0,0.494563914893724,0.829059829316978,0.829059829316978,0.829059829316978,0.972002310140688
0,0,0,0.494880411208723,0.830374485012533,0.830374485012533,0.830374485012533,0.973335319019379
0,0,0,0.495194262468488,0.831678341886746,0.831678341886746,0.831678341886746,0.974656042358769
0,0,0,0.495505479014504,0.832971436407439,0.832971436407439,0.832971436407439,0.975964546653248
0,0,0,0.495814071214893,0.834253805294452,0.834253805294452,0.834253805294452,0.97726089838242
0,0,0,0.496120049463691,0.835525485514588,0.835525485514588,0.835525485514588,0.978545164004736
0,0,0,0.496423424180126,0.83678651427662,0.83678651427662,0.83678651427662,0.979817409951257
0,0,0,0.496724205807908,0.838036929026344,0.838036929026344,0.838036929026344,0.981077702619541
0,0,0,0.49702240481454,0.839276767441702,0.839276767441702,0.839276767441702,0.982326108367656
0,0,0,0.49731803169063,0.840506067427951,0.840506067427951,0.840506067427951,0.983562693508321
0,0,0,0.497611096949217,0.841724867112893,0.841724867112893,0.841724867112893,0.98478752430317
0,0,0,0.497901611125112,0.842933204842167,0.842933204842167,0.842933204842167,0.986000666957138
0,0,0,0.498189584774247,0.844131119174593,0.844131119174593,0.844131119174593,0.98720218761298
0,0,0,0.498475028473035,0.845318648877576,0.845318648877576,0.845318648877576,0.988392152345901
0,0,0,0.498757952817743,0.846495832922574,0.846495832922574,0.846495832922574,0.989570627158322
0,0,0,0.499038368423879,0.84766271048062,0.84766271048062,0.84766271048062,0.990737677974759
0,0,0,0.499316285925581,0.848819320917908,0.848819320917908,0.848819320917908,0.991893370636833
0,0,0,0.499591715975032,0.849965703791433,0.849965703791433,0.849965703791433,0.993037770898392
0,0,0,0.499864669241872,0.851101898844701,0.851101898844701,0.851101898844701,0.994170944420762
0,0,0,0.500135156412631,0.85222794600349,0.85222794600349,0.85222794600349,0.995292956768116
0,0,0,0.500403188190168,0.853343885371679,0.853343885371679,0.853343885371679,0.996403873402963
0,0,0,0.500668775293127,0.854449757227136,0.854449757227136,0.854449757227136,0.997503759681754
0,0,0,0.500931928455398,0.855545602017663,0.855545602017663,0.855545602017663,0.998592680850611
0,0,0,0.501192658425593,0.856631460357013,0.856631460357013,0.856631460357013,0.999670702041171
0,0,0,0.501450975966535,0.857707373020957,0.857707373020957,0.857707373020957,1.00073788826655
0,0,0,0.501706891854753,0.858773380943424,0.858773380943424,0.858773380943424,1.00179430441742
0,0,0,0.501960416879994,0.859829525212694,0.859829525212694,0.859829525212694,1.0028400152582
0,0,0,0.502211561844744,0.860875847067657,0.860875847067657,0.860875847067657,1.00387508542338
0,0,0,0.502460337563757,0.861912387894137,0.861912387894137,0.861912387894137,1.00489957941391
0,0,0,0.502706754863601,0.862939189221275,0.862939189221275,0.862939189221275,1.0059135615938
0,0,0,0.502950824582216,0.863956292717976,0.863956292717976,0.863956292717976,1.0069170961867
0,0,0,0.503192557568471,0.864963740189414,0.864963740189414,0.864963740189414,1.00791024727272
0,0,0,0.50343196468175,0.865961573573609,0.865961573573609,0.865961573573609,1.00889307878526
0,0,0,0.503669056791534,0.866949834938058,0.866949834938058,0.866949834938058,1.00986565450801
0,0,0,0.503903844777005,0.867928566476433,0.867928566476433,0.867928566476433,1.01082803807207
0,0,0,0.504136339526652,0.868897810505337,0.868897810505337,0.868897810505337,1.01178029295312
0,0,0,0.504366551937894,0.869857609461129,0.869857609461129,0.869857609461129,1.01272248246872
0,0,0,0.504594492916713,0.870808005896806,0.870808005896806,0.870808005896806,1.01365466977575
0,0,0,0.504820173377297,0.87174904247895,0.87174904247895,0.87174904247895,1.01457691786795
0,0,0,0.50504360424169,0.872680761984734,0.872680761984734,0.872680761984734,1.01548928957349
0,0,0,0.505264796439464,0.873603207298995,0.873603207298995,0.873603207298995,1.01639184755276
0,0,0,0.505483760907387,0.874516421411364,0.874516421411364,0.874516421411364,1.01728465429616
0,0,0,0.505700508589113,0.875420447413462,0.875420447413462,0.875420447413462,1.01816777212205
0,0,0,0.505915050434877,0.87631532849615,0.87631532849615,0.87631532849615,1.01904126317481
0,0,0,0.506127397401204,0.877201107946852,0.877201107946852,0.877201107946852,1.01990518942296
0,0,0,0.506337560450625,0.87807782914693,0.87807782914693,0.87807782914693,1.02075961265736
0,0,0,0.506545550551403,0.87894553556912,0.87894553556912,0.87894553556912,1.0216045944896
0,0,0,0.506751378677276,0.879804270775035,0.879804270775035,0.879804270775035,1.02244019635042
0,0,0,0.506955055807202,0.88065407841272,0.88065407841272,0.88065407841272,1.02326647948821
0,0,0,0.507156592925116,0.881495002214276,0.881495002214276,0.881495002214276,1.02408350496765
0,0,0,0.507356001019704,0.882327085993537,0.882327085993537,0.882327085993537,1.02489133366843
0,0,0,0.507553291084177,0.883150373643807,0.883150373643807,0.883150373643807,1.02569002628405
0,0,0,0.50774847411606,0.883964909135659,0.883964909135659,0.883964909135659,1.02647964332071
0,0,0,0.507941561116993,0.884770736514793,0.884770736514793,0.884770736514793,1.02726024509633
0,0,0,0.508132563092536,0.885567899899948,0.885567899899948,0.885567899899948,1.02803189173962
0,0,0,0.508321491051988,0.886356443480876,0.886356443480876,0.886356443480876,1.02879464318923
0,0,0,0.508508356008216,0.887136411516373,0.887136411516373,0.887136411516373,1.02954855919302
0,0,0,0.508693168977486,0.887907848332366,0.887907848332366,0.887907848332366,1.03029369930741
0,0,0,0.508875940979317,0.888670798320055,0.888670798320055,0.888670798320055,1.03103012289681
0,0,0,0.509056683036328,0.88942530593412,0.88942530593412,0.88942530593412,1.0317578891331
0,0,0,0.509235406174108,0.890171415690971,0.890171415690971,0.890171415690971,1.03247705699528
0,0,0,0.509412121421088,0.890909172167063,0.890909172167063,0.890909172167063,1.03318768526908
0,0,0,0.509586839808424,0.891638619997265,0.891638619997265,0.891638619997265,1.03388983254677
0,0,0,0.509759572369884,0.892359803873275,0.892359803873275,0.892359803873275,1.03458355722699
0,0,0,0.509930330141754,0.893072768542105,0.893072768542105,0.893072768542105,1.03526891751463
0,0,0,0.510099124162742,0.893777558804603,0.893777558804603,0.893777558804603,1.03594597142086
0,0,0,0.510265965473898,0.894474219514037,0.894474219514037,0.894474219514037,1.03661477676318
0,0,0,0.510430865118536,0.895162795574729,0.895162795574729,0.895162795574729,1.03727539116558
0,0,0,0.510593834142173,0.895843331940743,0.895843331940743,0.895843331940743,1.03792787205872
0,0,0,0.510754883592464,0.896515873614622,0.896515873614622,0.896515873614622,1.03857227668025
0,0,0,0.510914024519158,0.897180465646174,0.897180465646174,0.897180465646174,1.03920866207518
0,0,0,0.511071267974052,0.897837153131313,0.897837153131313,0.897837153131313,1.03983708509628
0,0,0,0.511226625010959,0.898485981210948,0.898485981210948,0.898485981210948,1.04045760240458
0,0,0,0.51138010668568,0.899126995069918,0.899126995069918,0.899126995069918,1.04107027046998
0,0,0,0.511531724055984,0.899760239935977,0.899760239935977,0.899760239935977,1.04167514557182
0,0,0,0.511681488181599,0.900385761078828,0.900385761078828,0.900385761078828,1.04227228379965
0,0,0,0.511829410124204,0.901003603809206,0.901003603809206,0.901003603809206,1.04286174105391
0,0,0,0.511975500947436,0.901613813478001,0.901613813478001,0.901613813478001,1.04344357304685
0,0,0,0.512119771716897,0.902216435475431,0.902216435475431,0.902216435475431,1.04401783530333
0,0,0,0.51226223350017,0.902811515230263,0.902811515230263,0.902811515230263,1.04458458316183
0,0,0,0.512402897366845,0.90339909820907,0.90339909820907,0.90339909820907,1.04514387177543
0,0,0,0.512541774388548,0.903979229915542,0.903979229915542,0.903979229915542,1.04569575611287
0,0,0,0.512678875638977,0.904551955889834,0.904551955889834,0.904551955889834,1.04624029095969
0,0,0,0.512814212193947,0.905117321707954,0.905117321707954,0.905117321707954,1.04677753091941
0,0,0,0.512947795131438,0.905675372981202,0.905675372981202,0.905675372981202,1.04730753041474
0,0,0,0.513079635531649,0.906226155355639,0.906226155355639,0.906226155355639,1.0478303436889
0,0,0,0.513209744477063,0.906769714511606,0.906769714511606,0.906769714511606,1.0483460248069
0,0,0,0.513338133052511,0.907306096163276,0.907306096163276,0.907306096163276,1.04885462765701
0,0,0,0.513464812345248,0.907835346058246,0.907835346058246,0.907835346058246,1.04935620595213
0,0,0,0.513589793445026,0.908357509977173,0.908357509977173,0.908357509977173,1.04985081323131
0,0,0,0.513713087444187,0.908872633733437,0.908872633733437,0.908872633733437,1.05033850286127
0,0,0,0.513834705437742,0.909380763172851,0.909380763172851,0.909380763172851,1.05081932803799
0,0,0,0.513954658523472,0.909881944173396,0.909881944173396,0.909881944173396,1.05129334178833
0,0,0,0.514072957802025,0.910376222645006,0.910376222645006,0.910376222645006,1.05176059697169
0,0,0,0.514189614377023,0.910863644529371,0.910863644529371,0.910863644529371,1.05222114628174
0,0,0,0.514304639355163,0.911344255799785,0.911344255799785,0.911344255799785,1.05267504224816
0,0,0,0.514418043846342,0.911818102461022,0.911818102461022,0.911818102461022,1.05312233723843
0,0,0,0.514529838963762,0.912285230549245,0.912285230549245,0.912285230549245,1.05356308345965
0,0,0,0.514640035824064,0.912745686131948,0.912745686131948,0.912745686131948,1.05399733296044
0,0,0,0.514748645547444,0.913199515307924,0.913199515307924,0.913199515307924,1.05442513763281
0,0,0,0.51485567925779,0.913646764207268,0.913646764207268,0.913646764207268,1.05484654921412
0,0,0,0.514961148082812,0.914087478991404,0.914087478991404,0.914087478991404,1.05526161928904
0,0,0,0.515065063154182,0.914521705853148,0.914521705853148,0.914521705853148,1.05567039929157
0,0,0,0.515167435607672,0.914949491016783,0.914949491016783,0.914949491016783,1.05607294050704
0,0,0,0.515268276583301,0.91537088073818,0.91537088073818,0.91537088073818,1.05646929407425
0,0,0,0.515367597225482,0.91578592130493,0.91578592130493,0.91578592130493,1.05685951098748
0,0,0,0.515465408683169,0.916194659036506,0.916194659036506,0.916194659036506,1.05724364209869
0,0,0,0.515561722110019,0.916597140284451,0.916597140284451,0.916597140284451,1.0576217381196
0,0,0,0.515656548664537,0.916993411432584,0.916993411432584,0.916993411432584,1.05799384962394
0,0,0,0.515749899510243,0.917383518897237,0.917383518897237,0.917383518897237,1.05836002704957
0,0,0,0.515841785815832,0.917767509127501,0.917767509127501,0.917767509127501,1.0587203207008
0,0,0,0.515932218755332,0.918145428605504,0.918145428605504,0.918145428605504,1.05907478075053
0,0,0,0.516021209508279,0.918517323846708,0.918517323846708,0.918517323846708,1.05942345724261
0,0,0,0.516108769259874,0.918883241400216,0.918883241400216,0.918883241400216,1.05976640009405
0,0,0,0.516194909201162,0.919243227849108,0.919243227849108,0.919243227849108,1.0601036590974
0,0,0,0.516279640529196,0.919597329810787,0.919597329810787,0.919597329810787,1.06043528392299
0,0,0,0.516362974447214,0.919945593937349,0.919945593937349,0.919945593937349,1.06076132412133
0,0,0,0.51644492216481,0.92028806691596,0.92028806691596,0.92028806691596,1.06108182912545
0,0,0,0.516525494898111,0.920624795469255,0.920624795469255,0.920624795469255,1.06139684825324
0,0,0,0.516604703869954,0.920955826355751,0.920955826355751,0.920955826355751,1.06170643070985
0,0,0,0.51668256031006,0.921281206370269,0.921281206370269,0.921281206370269,1.06201062559011
0,0,0,0.516759075455214,0.921600982344371,0.921600982344371,0.921600982344371,1.06230948188085
0,0,0,0.516834260549445,0.921915201146811,0.921915201146811,0.921915201146811,1.06260304846339
0,0,0,0.5169081268442,0.922223909683992,0.922223909683992,0.922223909683992,1.06289137411594
0,0,0,0.51698068559853,0.922527154900439,0.922527154900439,0.922527154900439,1.06317450751599
0,0,0,0.517051948079263,0.922824983779281,0.922824983779281,0.922824983779281,1.06345249724277
0,0,0,0.517121925561187,0.92311744334273,0.92311744334273,0.92311744334273,1.06372539177969
0,0,0,0.51719062932723,0.923404580652587,0.923404580652587,0.923404580652587,1.06399323951678
0,0,0,0.517258070668634,0.923686442810741,0.923686442810741,0.923686442810741,1.06425608875311
0,0,0,0.517324260885139,0.923963076959674,0.923963076959674,0.923963076959674,1.06451398769925
0,0,0,0.517389211285157,0.924234530282984,0.924234530282984,0.924234530282984,1.06476698447971
0,0,0,0.517452933185953,0.924500850005898,0.924500850005898,0.924500850005898,1.06501512713541
0,0,0,0.517515437913817,0.924762083395795,0.924762083395795,0.924762083395795,1.06525846362607
0,0,0,0.51757673680424,0.925018277762737,0.925018277762737,0.925018277762737,1.06549704183269
0,0,0,0.517636841202092,0.925269480459989,0.925269480459989,0.925269480459989,1.06573090955996
0,0,0,0.517695762461788,0.925515738884558,0.925515738884558,0.925515738884558,1.06596011453873
0,0,0,0.517753511947464,0.925757100477714,0.925757100477714,0.925757100477714,1.06618470442838
0,0,0,0.517810101033146,0.925993612725527,0.925993612725527,0.925993612725527,1.06640472681926
0,0,0,0.517865541102915,0.926225323159396,0.926225323159396,0.926225323159396,1.06662022923511
0,0,0,0.517919843551076,0.92645227935657,0.92645227935657,0.92645227935657,1.06683125913547
0,0,0,0.517973019782318,0.926674528940681,0.926674528940681,0.926674528940681,1.06703786391802
0,0,0,0.518025081211879,0.926892119582262,0.926892119582262,0.926892119582262,1.06724009092099
0,0,0,0.518076039265704,0.927105098999269,0.927105098999269,0.927105098999269,1.06743798742555
0,0,0,0.5181259053806,0.927313514957589,0.927313514957589,0.927313514957589,1.0676316006581
0,0,0,0.518174691004393,0.927517415271552,0.927517415271552,0.927517415271552,1.06782097779268
0,0,0,0.518222407596076,0.927716847804434,0.927716847804434,0.927716847804434,1.06800616595323
0,0,0,0.51826906662596,0.927911860468951,0.927911860468951,0.927911860468951,1.06818721221594
0,0,0,0.518314679575817,0.928102501227746,0.928102501227746,0.928102501227746,1.06836416361152
0,0,0,0.518359257939024,0.928288818093869,0.928288818093869,0.928288818093869,1.06853706712748
0,0,0,0.518402813220701,0.928470859131251,0.928470859131251,0.928470859131251,1.06870596971036
0,0,0,0.518445356937847,0.928648672455159,0.928648672455159,0.928648672455159,1.068870918268
0,0,0,0.51848690061947,0.928822306232653,0.928822306232653,0.928822306232653,1.06903195967173
0,0,0,0.518527455806715,0.92899180868302,0.92899180868302,0.92899180868302,1.06918914075855
0,0,0,0.518567034052994,0.929157228078205,0.929157228078205,0.929157228078205,1.06934250833332
0,0,0,0.518605646924096,0.929318612743226,0.929318612743226,0.929318612743226,1.06949210917087
0,0,0,0.518643305998312,0.929476011056579,0.929476011056579,0.929476011056579,1.06963799001817
0,0,0,0.518680022866542,0.929629471450618,0.929629471450618,0.929629471450618,1.06978019759635
0,0,0,0.518715809132407,0.929779042411942,0.929779042411942,0.929779042411942,1.06991877860285
0,0,0,0.518750676412346,0.929924772481743,0.929924772481743,0.929924772481743,1.07005377971338
0,0,0,0.518784636335719,0.930066710256156,0.930066710256156,0.930066710256156,1.07018524758399
0,0,0,0.518817700544899,0.930204904386585,0.930204904386585,0.930204904386585,1.070313228853
0,0,0,0.518849880695363,0.930339403580013,0.930339403580013,0.930339403580013,1.07043777014299
0,0,0,0.518881188455772,0.930470256599294,0.930470256599294,0.930470256599294,1.07055891806272
0,0,0,0.518911635508054,0.930597512263429,0.930597512263429,0.930597512263429,1.070676719209
0,0,0,0.518941233547475,0.930721219447823,0.930721219447823,0.930721219447823,1.07079122016853
0,0,0,0.518969994282709,0.93084142708452,0.93084142708452,0.93084142708452,1.07090246751977
0,0,0,0.518997929435899,0.930958184162419,0.930958184162419,0.930958184162419,1.0710105078347
0,0,0,0.519025050742718,0.931071539727472,0.931071539727472,0.931071539727472,1.07111538768057
0,0,0,0.519051369952416,0.931181542882862,0.931181542882862,0.931181542882862,1.07121715362163
0,0,0,0.51907689882787,0.93128824278915,0.93128824278915,0.93128824278915,1.07131585222081
0,0,0,0.519101649145621,0.93139168866441,0.93139168866441,0.93139168866441,1.07141153004136
0,0,0,0.519125632695913,0.931491929784341,0.931491929784341,0.931491929784341,1.07150423364845
0,0,0,0.519148861282714,0.931589015482347,0.931589015482347,0.931589015482347,1.07159400961076
0,0,0,0.519171346723746,0.931682995149603,0.931682995149603,0.931682995149603,1.07168090450199
0,0,0,0.519193100850494,0.93177391823509,0.93177391823509,0.93177391823509,1.07176496490235
0,0,0,0.519214135508218,0.931861834245609,0.931861834245609,0.931861834245609,1.0718462374
0,0,0,0.519234462555958,0.93194679274577,0.93194679274577,0.93194679274577,1.07192476859249
0,0,0,0.519254093866527,0.932028843357951,0.932028843357951,0.932028843357951,1.07200060508808
0,0,0,0.519273041326501,0.932108035762236,0.932108035762236,0.932108035762236,1.07207379350707
0,0,0,0.519291316836204,0.932184419696323,0.932184419696323,0.932184419696323,1.07214438048311
0,0,0,0.519308932309681,0.932258044955405,0.932258044955405,0.932258044955405,1.07221241266439
0,0,0,0.519325899674672,0.932328961392026,0.932328961392026,0.932328961392026,1.07227793671484
0,0,0,0.519342230872568,0.932397218915908,0.932397218915908,0.932397218915908,1.07234099931529
0,0,0,0.519357937858371,0.932462867493745,0.932462867493745,0.932462867493745,1.07240164716455
0,0,0,0.519373032600637,0.932525957148976,0.932525957148976,0.932525957148976,1.07245992698045
0,0,0,0.519387527081423,0.932586537961522,0.932586537961522,0.932586537961522,1.07251588550087
0,0,0,0.519401433296214,0.932644660067498,0.932644660067498,0.932644660067498,1.07256956948464
0,0,0,0.519414763253852,0.932700373658891,0.932700373658891,0.932700373658891,1.07262102571251
0,0,0,0.519427528976454,0.932753728983212,0.932753728983212,0.932753728983212,1.07267030098797
0,0,0,0.51943974249932,0.93280477634311,0.93280477634311,0.93280477634311,1.07271744213805
0,0,0,0.519451415870841,0.932853566095965,0.932853566095965,0.932853566095965,1.07276249601409
0,0,0,0.519462561152391,0.932900148653443,0.932900148653443,0.932900148653443,1.07280550949244
0,0,0,0.519473190418212,0.932944574481016,0.932944574481016,0.932944574481016,1.07284652947512
0,0,0,0.519483315755301,0.932986894097458,0.932986894097458,0.932986894097458,1.07288560289041
0,0,0,0.519492949263275,0.933027158074303,0.933027158074303,0.933027158074303,1.07292277669339
0,0,0,0.519502103054236,0.933065417035271,0.933065417035271,0.933065417035271,1.07295809786647
0,0,0,0.519510789252631,0.933101721655665,0.933101721655665,0.933101721655665,1.07299161341981
0,0,0,0.519519019995093,0.933136122661724,0.933136122661724,0.933136122661724,1.07302337039172
0,0,0,0.519526807430286,0.933168670829958,0.933168670829958,0.933168670829958,1.07305341584895
0,0,0,0.519534163718732,0.933199416986432,0.933199416986432,0.933199416986432,1.07308179688707
0,0,0,0.519541101032638,0.93322841200603,0.93322841200603,0.93322841200603,1.07310856063058
0,0,0,0.519547631555707,0.93325570681168,0.93325570681168,0.93325570681168,1.07313375423317
0,0,0,0.519553767482945,0.933281352373535,0.933281352373535,0.933281352373535,1.07315742487779
0,0,0,0.519559521020461,0.933305399708134,0.933305399708134,0.933305399708134,1.07317961977671
0,0,0,0.519564904385254,0.93332789987752,0.93332789987752,0.93332789987752,1.07320038617154
0,0,0,0.519569929804993,0.933348903988321,0.933348903988321,0.933348903988321,1.07321977133317
0,0,0,0.519574609517792,0.933368463190799,0.933368463190799,0.933368463190799,1.07323782256164
0,0,0,0.519578955771972,0.933386628677864,0.933386628677864,0.933386628677864,1.07325458718599
0,0,0,0.519582980825815,0.933403451684048,0.933403451684048,0.933403451684048,1.07327011256403
0,0,0,0.519586696947315,0.933418983484443,0.933418983484443,0.933418983484443,1.07328444608205
0,0,0,0.519590116413907,0.933433275393612,0.933433275393612,0.933433275393612,1.07329763515446
0,0,0,0.519593251512205,0.933446378764448,0.933446378764448,0.933446378764448,1.07330972722344
0,0,0,0.519596114537716,0.933458344987012,0.933458344987012,0.933458344987012,1.0733207697584
0,0,0,0.519598717794555,0.93346922548732,0.93346922548732,0.93346922548732,1.07333081025554
0,0,0,0.519601073595143,0.933479071726108,0.933479071726108,0.933479071726108,1.07333989623719
0,0,0,0.519603194259906,0.933487935197544,0.933487935197544,0.933487935197544,1.07334807525125
0,0,0,0.519605092116956,0.933495867427919,0.933495867427919,0.933495867427919,1.07335539487042
0,0,0,0.519606779501769,0.933502919974288,0.933502919974288,0.933502919974288,1.07336190269149
0,0,0,0.51960826875685,0.933509144423079,0.933509144423079,0.933509144423079,1.0733676463345
0,0,0,0.519609572231393,0.93351459238867,0.93351459238867,0.93351459238867,1.07337267344186
0,0,0,0.519610702280927,0.933519315511915,0.933519315511915,0.933519315511915,1.07337703167739
0,0,0,0.519611671266962,0.933523365458648,0.933523365458648,0.933523365458648,1.07338076872536
0,0,0,0.519612491556614,0.933526793918137,0.933526793918137,0.933526793918137,1.0733839322894
0,0,0,0.51961317552223,0.933529652601512,0.933529652601512,0.933529652601512,1.07338657009138
0,0,0,0.519613735541001,0.933531993240142,0.933531993240142,0.933531993240142,1.07338872987022
0,0,0,0.519614183994568,0.933533867583987,0.933533867583987,0.933533867583987,1.07339045938067
0,0,0,0.519614533268613,0.933535327399905,0.933535327399905,0.933535327399905,1.07339180639197
0,0,0,0.519614795752451,0.933536424469924,0.933536424469924,0.933536424469924,1.0733928186865
0,0,0,0.519614983838603,0.933537210589476,0.933537210589476,0.933537210589476,1.07339354405836
0,0,0,0.519615109922364,0.933537737565595,0.933537737565595,0.933537737565595,1.07339403031185
0,0,0,0.519615186401368,0.933538057215074,0.933538057215074,0.933538057215074,1.07339432525994
0,0,0,0.519615225675133,0.933538221362587,0.933538221362587,0.933538221362587,1.07339447672268
0,0,0,0.519615240144603,0.933538281838774,0.933538281838774,0.933538281838774,1.07339453252546
0,0,0,0.519615242211684,0.933538290478287,0.933538290478287,0.933538290478287,1.07339454049734
